date,price_usd
2010-07-19,0.0808
2010-07-20,0.07474
2010-07-21,0.07921
2010-07-22,0.0505
2010-07-23,0.06262
2010-07-26,0.056
2010-07-27,0.06
2010-07-28,0.0589
2010-07-29,0.0699
2010-07-30,0.0627
2010-08-02,0.06
2010-08-03,0.06
2010-08-04,0.057
2010-08-05,0.061
2010-08-06,0.0623
2010-08-09,0.071
2010-08-10,0.07
2010-08-11,0.067
2010-08-12,0.07
2010-08-13,0.0645
2010-08-16,0.0655
2010-08-17,0.07
2010-08-18,0.068
2010-08-19,0.0667
2010-08-20,0.0655
2010-08-23,0.06491
2010-08-24,0.065
2010-08-25,0.0648
2010-08-26,0.064
2010-08-27,0.065
2010-08-30,0.06497
2010-08-31,0.06
2010-09-01,0.0629
2010-09-02,0.0634
2010-09-03,0.06085
2010-09-06,0.0616
2010-09-07,0.061
2010-09-08,0.062
2010-09-09,0.06111
2010-09-10,0.0618
2010-09-13,0.06219
2010-09-14,0.06199
2010-09-15,0.0604
2010-09-16,0.0619
2010-09-17,0.059
2010-09-20,0.0621
2010-09-21,0.06265
2010-09-22,0.0622
2010-09-23,0.06231
2010-09-24,0.0622
2010-09-27,0.0622
2010-09-28,0.0619
2010-09-29,0.06191
2010-09-30,0.0619
2010-10-01,0.06197
2010-10-04,0.0613
2010-10-05,0.0614
2010-10-06,0.06281
2010-10-07,0.067
2010-10-08,0.08685
2010-10-11,0.095
2010-10-12,0.0949
2010-10-13,0.105
2010-10-14,0.102
2010-10-15,0.105
2010-10-18,0.1024
2010-10-19,0.097
2010-10-20,0.099
2010-10-21,0.107
2010-10-22,0.1025
2010-10-25,0.132
2010-10-26,0.1503
2010-10-27,0.1877
2010-10-28,0.1731
2010-10-29,0.19
2010-11-01,0.1955
2010-11-02,0.1938
2010-11-03,0.1931
2010-11-04,0.23
2010-11-05,0.26
2010-11-08,0.243
2010-11-09,0.21
2010-11-10,0.24
2010-11-11,0.2231
2010-11-12,0.2682
2010-11-15,0.2682
2010-11-16,0.223
2010-11-17,0.2299
2010-11-18,0.2678
2010-11-19,0.28
2010-11-22,0.2879
2010-11-23,0.28295
2010-11-24,0.28299
2010-11-25,0.28
2010-11-26,0.2844
2010-11-29,0.2299
2010-11-30,0.2082
2010-12-01,0.2275
2010-12-02,0.255
2010-12-03,0.25105
2010-12-06,0.204
2010-12-07,0.233
2010-12-08,0.2388
2010-12-09,0.2
2010-12-10,0.204
2010-12-13,0.2299
2010-12-14,0.24669
2010-12-15,0.23801
2010-12-16,0.24996
2010-12-17,0.24
2010-12-20,0.267
2010-12-21,0.24
2010-12-22,0.25
2010-12-23,0.25
2010-12-24,0.248
2010-12-27,0.265
2010-12-28,0.281
2010-12-29,0.3
2010-12-30,0.3
2010-12-31,0.3
2011-01-03,0.295
2011-01-04,0.29895
2011-01-05,0.299
2011-01-06,0.298
2011-01-07,0.32
2011-01-10,0.32659
2011-01-11,0.32659
2011-01-12,0.3188
2011-01-13,0.3176
2011-01-14,0.4
2011-01-17,0.3495
2011-01-18,0.31299
2011-01-19,0.31299
2011-01-20,0.39
2011-01-21,0.41991
2011-01-24,0.4199
2011-01-25,0.41
2011-01-26,0.417
2011-01-27,0.4212
2011-01-28,0.446
2011-01-31,0.52
2011-02-01,0.7
2011-02-02,0.716
2011-02-03,0.69
2011-02-04,0.811
2011-02-07,0.89
2011-02-08,0.918
2011-02-09,1.09
2011-02-10,0.9803
2011-02-11,1.07
2011-02-14,1.07
2011-02-15,1.05
2011-02-16,1.045
2011-02-17,1.04
2011-02-18,0.8989
2011-02-21,0.8345
2011-02-22,0.8702
2011-02-23,0.9
2011-02-24,0.9974
2011-02-25,0.9111
2011-02-28,0.86
2011-03-01,0.9202
2011-03-02,0.9399
2011-03-03,0.9391
2011-03-04,0.901
2011-03-07,0.885
2011-03-08,0.87
2011-03-09,0.8645
2011-03-10,0.9329
2011-03-11,0.88
2011-03-14,0.8949
2011-03-15,0.87
2011-03-16,0.86
2011-03-17,0.8254
2011-03-18,0.8165
2011-03-21,0.759
2011-03-22,0.809
2011-03-23,0.8497
2011-03-24,0.8669
2011-03-25,0.8838
2011-03-28,0.799
2011-03-29,0.7925
2011-03-30,0.7897
2011-03-31,0.7846
2011-04-01,0.7741
2011-04-04,0.68
2011-04-05,0.71
2011-04-06,0.74
2011-04-07,0.7538
2011-04-08,0.75
2011-04-11,0.77
2011-04-12,0.86
2011-04-13,0.9225
2011-04-14,1.0
2011-04-15,0.9899
2011-04-18,1.162
2011-04-19,1.1979
2011-04-20,1.1421
2011-04-21,1.21
2011-04-22,1.409
2011-04-25,1.559
2011-04-26,1.7949
2011-04-27,1.9
2011-04-28,2.2106
2011-04-29,2.88
2011-05-02,3.2
2011-05-03,3.41
2011-05-04,3.4061
2011-05-05,3.333
2011-05-06,3.45
2011-05-09,3.8
2011-05-10,5.81
2011-05-11,5.5
2011-05-12,6.3002
2011-05-13,8.198
2011-05-16,8.0339
2011-05-17,7.19
2011-05-18,6.88
2011-05-19,6.805
2011-05-20,5.5904
2011-05-23,7.1499
2011-05-24,7.42
2011-05-25,8.3997
2011-05-26,8.798
2011-05-27,8.5002
2011-05-30,8.8
2011-05-31,8.741
2011-06-01,9.57
2011-06-02,10.6
2011-06-03,14.29
2011-06-06,18.55
2011-06-07,23.923
2011-06-08,29.6
2011-06-09,28.919
2011-06-10,23.95
2011-06-13,19.84
2011-06-14,19.28
2011-06-15,19.49
2011-06-16,17.0
2011-06-17,15.681
2011-06-27,16.75
2011-06-28,16.95
2011-06-29,16.845
2011-06-30,16.101
2011-07-01,15.397
2011-07-04,13.86
2011-07-05,12.907
2011-07-06,14.784
2011-07-07,14.776
2011-07-08,14.314
2011-07-11,14.209
2011-07-12,14.009
2011-07-13,13.951
2011-07-14,13.99
2011-07-15,13.81
2011-07-18,13.48
2011-07-19,13.85
2011-07-20,13.689
2011-07-21,13.61
2011-07-22,13.695
2011-07-25,14.048
2011-07-26,13.882
2011-07-27,13.939
2011-07-28,13.49
2011-07-29,13.498
2011-08-01,13.095
2011-08-02,12.05
2011-08-03,9.26
2011-08-04,10.75
2011-08-05,9.8
2011-08-08,7.7999
2011-08-09,9.99
2011-08-10,9.98
2011-08-11,9.4625
2011-08-12,9.4605
2011-08-15,11.15
2011-08-16,10.964
2011-08-17,10.946
2011-08-18,10.83
2011-08-19,11.65
2011-08-22,10.895
2011-08-23,10.94
2011-08-24,10.851
2011-08-25,9.657
2011-08-26,8.1794
2011-08-29,8.969
2011-08-30,8.7913
2011-08-31,8.1995
2011-09-01,8.21
2011-09-02,8.64
2011-09-05,7.611
2011-09-06,6.8628
2011-09-07,7.1864
2011-09-08,6.53
2011-09-09,5.03
2011-09-12,6.078
2011-09-13,5.8
2011-09-14,5.6193
2011-09-15,4.84
2011-09-16,4.82
2011-09-19,5.46
2011-09-20,6.1119
2011-09-21,5.6114
2011-09-22,5.4278
2011-09-23,5.5451
2011-09-26,4.8697
2011-09-27,4.9156
2011-09-28,4.7725
2011-09-29,4.7794
2011-09-30,5.1401
2011-10-03,5.024
2011-10-04,4.96
2011-10-05,4.87
2011-10-06,4.7344
2011-10-07,4.2728
2011-10-10,4.1
2011-10-11,3.9308
2011-10-12,4.15
2011-10-13,4.0462
2011-10-14,3.9879
2011-10-17,2.56
2011-10-18,2.419
2011-10-19,2.27
2011-10-20,2.348
2011-10-21,2.57
2011-10-24,2.545
2011-10-25,2.77
2011-10-26,2.773
2011-10-27,3.04
2011-10-28,3.19
2011-10-31,3.248
2011-11-01,3.15
2011-11-02,3.2543
2011-11-03,3.152
2011-11-04,3.109
2011-11-07,3.0068
2011-11-08,3.035
2011-11-09,2.95
2011-11-10,2.8399
2011-11-11,3.08
2011-11-14,2.22
2011-11-15,2.329
2011-11-16,2.5604
2011-11-17,2.25
2011-11-18,2.05
2011-11-21,2.294
2011-11-22,2.3289
2011-11-23,2.3321
2011-11-24,2.4321
2011-11-25,2.5061
2011-11-28,2.55
2011-11-29,2.7502
2011-11-30,2.9701
2011-12-01,3.06
2011-12-02,3.1151
2011-12-05,2.8798
2011-12-06,3.03
2011-12-07,2.99
2011-12-08,2.98
2011-12-09,2.97
2011-12-12,3.135
2011-12-13,3.2499
2011-12-14,3.15
2011-12-15,3.2
2011-12-16,3.2
2011-12-19,3.5202
2011-12-20,3.95
2011-12-21,3.89
2011-12-22,3.8901
2011-12-23,3.9468
2011-12-26,4.018
2011-12-27,4.07
2011-12-28,4.1855
2011-12-29,4.166
2011-12-30,4.248
2012-01-02,5.2168
2012-01-03,4.8808
2012-01-04,5.5738
2012-01-05,6.9476
2012-01-06,6.6969
2012-01-09,6.3257
2012-01-10,6.36
2012-01-11,6.9
2012-01-12,6.8
2012-01-13,6.41
2012-01-16,6.6825
2012-01-17,5.6
2012-01-18,5.92
2012-01-19,6.3598
2012-01-20,6.4898
2012-01-23,6.356
2012-01-24,6.2898
2012-01-25,5.75
2012-01-26,5.34
2012-01-27,5.292
2012-01-30,5.4905
2012-01-31,5.4838
2012-02-01,6.0756
2012-02-02,6.1
2012-02-03,5.9593
2012-02-06,5.4535
2012-02-07,5.69
2012-02-08,5.6
2012-02-09,5.83
2012-02-10,5.9126
2012-02-13,5.26
2012-02-14,4.4629
2012-02-15,4.3251
2012-02-16,4.2739
2012-02-17,4.41
2012-02-20,4.3615
2012-02-21,4.272
2012-02-22,4.4247
2012-02-23,5.015
2012-02-24,5.0288
2012-02-27,4.956
2012-02-28,4.868
2012-02-29,4.86
2012-03-01,4.9213
2012-03-02,4.705
2012-03-05,4.9843
2012-03-06,4.9901
2012-03-07,4.9375
2012-03-08,4.9302
2012-03-09,4.8611
2012-03-12,4.8901
2012-03-13,5.27
2012-03-14,5.38
2012-03-15,5.3266
2012-03-16,5.3439
2012-03-19,4.6939
2012-03-20,4.8379
2012-03-21,4.8149
2012-03-22,4.7043
2012-03-23,4.686
2012-03-26,4.6191
2012-03-27,4.8113
2012-03-28,4.788
2012-03-29,4.8084
2012-03-30,4.86
2012-04-02,4.974
2012-04-03,4.952
2012-04-04,4.9101
2012-04-05,4.919
2012-04-06,4.9499
2012-04-09,4.8719
2012-04-10,4.8367
2012-04-11,4.9279
2012-04-12,4.9197
2012-04-13,4.94
2012-04-16,4.932
2012-04-17,4.9759
2012-04-18,5.1178
2012-04-19,5.1377
2012-04-20,5.35
2012-04-23,4.96
2012-04-24,5.0982
2012-04-25,5.1318
2012-04-26,5.0976
2012-04-27,5.1095
2012-04-30,4.9491
2012-05-01,5.0
2012-05-02,5.0737
2012-05-03,5.1344
2012-05-04,5.067
2012-05-07,5.06
2012-05-08,5.05
2012-05-09,5.0437
2012-05-10,4.85
2012-05-11,4.96
2012-05-14,5.0059
2012-05-15,5.035
2012-05-16,5.0887
2012-05-17,5.0998
2012-05-18,5.118
2012-05-21,5.0998
2012-05-22,5.0988
2012-05-23,5.1397
2012-05-24,5.119
2012-05-25,5.1455
2012-05-28,5.1358
2012-05-29,5.15
2012-05-30,5.135
2012-05-31,5.1801
2012-06-01,5.2748
2012-06-04,5.266
2012-06-05,5.44
2012-06-06,5.46
2012-06-07,5.591
2012-06-08,5.633
2012-06-11,5.5747
2012-06-12,5.7
2012-06-13,5.929
2012-06-14,5.9541
2012-06-15,6.5
2012-06-18,6.31
2012-06-19,6.4988
2012-06-20,6.67
2012-06-21,6.6801
2012-06-22,6.5478
2012-06-25,6.3048
2012-06-26,6.4195
2012-06-27,6.647
2012-06-28,6.6059
2012-06-29,6.65
2012-07-02,6.76
2012-07-03,6.4499
2012-07-04,6.5101
2012-07-05,6.67
2012-07-06,6.6481
2012-07-09,7.0215
2012-07-10,7.1999
2012-07-11,7.15
2012-07-12,7.7644
2012-07-13,7.6651
2012-07-16,8.4996
2012-07-17,8.8
2012-07-18,9.1098
2012-07-19,8.87
2012-07-20,8.52
2012-07-23,8.4457
2012-07-24,8.6
2012-07-25,8.8
2012-07-26,8.9
2012-07-27,8.9
2012-07-30,9.098
2012-07-31,9.35
2012-08-01,9.55
2012-08-02,10.53
2012-08-03,10.97
2012-08-06,10.855
2012-08-07,11.1
2012-08-08,11.055
2012-08-09,11.061
2012-08-10,11.386
2012-08-13,12.038
2012-08-14,12.19
2012-08-15,13.25
2012-08-16,13.5
2012-08-17,11.584
2012-08-20,10.1
2012-08-21,9.915
2012-08-22,9.807
2012-08-23,10.1
2012-08-24,10.6
2012-08-27,10.95
2012-08-28,10.94
2012-08-29,10.917
2012-08-30,10.777
2012-08-31,10.16
2012-09-03,10.53
2012-09-04,10.385
2012-09-05,11.0
2012-09-06,11.181
2012-09-07,11.0
2012-09-10,11.17
2012-09-11,11.331
2012-09-12,11.365
2012-09-13,11.399
2012-09-14,11.67
2012-09-17,11.89
2012-09-18,12.25
2012-09-19,12.573
2012-09-20,12.283
2012-09-21,12.368
2012-09-24,12.1
2012-09-25,12.197
2012-09-26,12.27
2012-09-27,12.309
2012-09-28,12.391
2012-10-01,12.4
2012-10-02,12.84
2012-10-03,12.89
2012-10-04,12.85
2012-10-05,12.688
2012-10-08,11.778
2012-10-09,11.895
2012-10-10,12.12
2012-10-11,12.03
2012-10-12,12.0
2012-10-15,11.838
2012-10-16,11.85
2012-10-17,11.81
2012-10-18,11.94
2012-10-19,11.74
2012-10-22,11.71
2012-10-23,11.65
2012-10-24,11.65
2012-10-25,10.862
2012-10-26,10.171
2012-10-29,10.6
2012-10-30,10.888
2012-10-31,11.201
2012-11-01,10.57
2012-11-02,10.469
2012-11-05,10.748
2012-11-06,10.899
2012-11-07,10.92
2012-11-08,10.925
2012-11-09,10.815
2012-11-12,11.008
2012-11-13,10.951
2012-11-14,10.95
2012-11-15,11.198
2012-11-16,11.749
2012-11-19,11.8
2012-11-20,11.733
2012-11-21,11.77
2012-11-22,12.422
2012-11-23,12.345
2012-11-26,12.246
2012-11-27,12.2
2012-11-28,12.348
2012-11-29,12.45
2012-11-30,12.565
2012-12-03,12.679
2012-12-04,13.41
2012-12-05,13.38
2012-12-06,13.299
2012-12-07,13.5
2012-12-10,13.433
2012-12-11,13.557
2012-12-12,13.699
2012-12-13,13.7
2012-12-14,13.6
2012-12-17,13.25
2012-12-18,13.299
2012-12-19,13.599
2012-12-20,13.525
2012-12-21,13.5
2012-12-24,13.38
2012-12-25,13.35
2012-12-26,13.468
2012-12-27,13.422
2012-12-28,13.421
2012-12-31,13.51
2013-01-01,13.304
2013-01-02,13.28
2013-01-03,13.398
2013-01-04,13.5
2013-01-07,13.588
2013-01-08,13.743
2013-01-09,13.77
2013-01-10,14.14
2013-01-11,14.137
2013-01-14,14.3
2013-01-15,14.25
2013-01-16,14.73
2013-01-17,15.5
2013-01-18,15.705
2013-01-21,16.8
2013-01-22,17.261
2013-01-23,17.5
2013-01-24,16.896
2013-01-25,17.4
2013-01-28,18.721
2013-01-29,19.525
2013-01-30,19.7
2013-01-31,20.41
2013-02-01,20.499
2013-02-04,20.43
2013-02-05,20.6
2013-02-06,21.18
2013-02-07,22.15
2013-02-08,22.66
2013-02-11,24.65
2013-02-12,25.17
2013-02-13,24.2
2013-02-14,27.221
2013-02-15,27.1
2013-02-18,26.95
2013-02-19,29.418
2013-02-20,29.645
2013-02-21,29.748
2013-02-22,30.245
2013-02-25,30.4
2013-02-26,31.1
2013-02-27,30.901
2013-02-28,33.38
2013-03-01,34.5
2013-03-04,36.152
2013-03-05,40.33
2013-03-06,41.02
2013-03-07,42.0
2013-03-08,44.18
2013-03-11,48.4
2013-03-12,44.29
2013-03-13,46.92
2013-03-14,47.17
2013-03-15,46.95
2013-03-18,51.6
2013-03-19,59.14
2013-03-20,64.489
2013-03-21,70.85
2013-03-22,69.865
2013-03-25,73.6
2013-03-26,78.5
2013-03-27,88.92
2013-03-28,86.18
2013-03-29,90.5
2013-04-01,104.0
2013-04-02,117.98
2013-04-03,135.0
2013-04-04,132.12
2013-04-05,142.32
2013-04-08,187.5
2013-04-09,230.0
2013-04-10,165.0
2013-04-11,124.9
2013-04-12,117.0
2013-04-15,82.386
2013-04-16,68.356
2013-04-17,93.07
2013-04-18,109.01
2013-04-19,118.48
2013-04-22,127.4
2013-04-23,143.48
2013-04-24,154.2
2013-04-25,141.71
2013-04-26,136.9
2013-04-29,142.47
2013-04-30,138.38
2013-05-01,117.5
2013-05-02,111.16
2013-05-03,94.0
2013-05-06,111.32
2013-05-07,109.7
2013-05-08,113.49
2013-05-09,112.2
2013-05-10,118.23
2013-05-13,117.17
2013-05-14,113.88
2013-05-15,114.89
2013-05-16,117.37
2013-05-17,122.9
2013-05-20,121.54
2013-05-21,122.78
2013-05-22,123.0
2013-05-23,125.36
2013-05-24,129.91
2013-05-27,129.7
2013-05-28,128.9
2013-05-29,131.89
2013-05-30,128.9
2013-05-31,127.4
2013-06-03,122.31
2013-06-04,121.5
2013-06-05,121.47
2013-06-06,119.7
2013-06-07,112.48
2013-06-10,106.15
2013-06-11,108.8
2013-06-12,108.92
2013-06-13,102.9
2013-06-14,99.55
2013-06-17,101.5
2013-06-18,105.43
2013-06-19,107.0
2013-06-20,109.64
2013-06-21,109.64
2013-06-24,102.13
2013-06-25,102.23
2013-06-26,104.13
2013-06-27,102.5
2013-06-28,95.399
2013-07-01,88.558
2013-07-02,89.853
2013-07-03,81.129
2013-07-04,80.424
2013-07-05,70.73
2013-07-08,77.76
2013-07-09,76.999
2013-07-10,85.58
2013-07-11,87.56
2013-07-12,92.876
2013-07-15,99.45
2013-07-16,97.1
2013-07-17,98.0
2013-07-18,89.897
2013-07-19,93.097
2013-07-22,91.675
2013-07-23,95.12
2013-07-24,93.92
2013-07-25,96.5
2013-07-26,96.832
2013-07-29,100.86
2013-07-30,105.0
2013-07-31,107.75
2013-08-01,104.47
2013-08-02,104.07
2013-08-05,107.05
2013-08-06,106.46
2013-08-07,106.3
2013-08-08,103.25
2013-08-09,102.14
2013-08-12,107.6
2013-08-13,107.69
2013-08-14,113.0
2013-08-15,110.8
2013-08-16,108.81
2013-08-19,118.5
2013-08-20,122.39
2013-08-21,123.84
2013-08-22,122.33
2013-08-23,118.52
2013-08-26,120.1
2013-08-27,131.3
2013-08-28,130.5
2013-08-29,129.0
2013-08-30,136.01
2013-09-02,144.0
2013-09-03,143.2
2013-09-04,135.22
2013-09-05,134.3
2013-09-06,125.7
2013-09-09,131.13
2013-09-10,132.81
2013-09-11,136.09
2013-09-12,140.9
2013-09-13,141.99
2013-09-16,138.75
2013-09-17,139.22
2013-09-18,141.0
2013-09-19,136.1
2013-09-20,134.34
2013-09-23,133.41
2013-09-24,135.5
2013-09-25,136.09
2013-09-26,136.89
2013-09-27,140.0
2013-09-30,141.32
2013-10-01,141.19
2013-10-02,124.15
2013-10-03,129.71
2013-10-04,138.49
2013-10-07,137.0
2013-10-08,137.0
2013-10-09,139.13
2013-10-10,140.1
2013-10-11,141.3
2013-10-14,149.02
2013-10-15,154.4
2013-10-16,151.99
2013-10-17,157.75
2013-10-18,165.01
2013-10-21,191.01
2013-10-22,200.3
2013-10-23,222.01
2013-10-24,199.0
2013-10-25,189.0
2013-10-28,206.9
2013-10-29,215.08
2013-10-30,205.99
2013-10-31,211.37
2013-11-01,213.87
2013-11-04,236.31
2013-11-05,254.1
2013-11-06,264.0
2013-11-07,308.0
2013-11-08,346.05
2013-11-11,362.2
2013-11-12,380.0
2013-11-13,441.0
2013-11-14,434.99
2013-11-15,438.06
2013-11-18,751.99
2013-11-19,649.98
2013-11-20,609.98
2013-11-21,773.81
2013-11-22,765.35
2013-11-25,828.02
2013-11-26,958.96
2013-11-27,1054.52
2013-11-28,1183.01
2013-11-29,1157.94
2013-12-02,1089.92
2013-12-03,1153.0
2013-12-04,1238.7
2013-12-05,1117.94
2013-12-06,909.84
2013-12-09,904.98
2013-12-10,1026.06
2013-12-11,879.12
2013-12-12,872.52
2013-12-13,870.25
2013-12-16,716.95
2013-12-17,680.46
2013-12-18,537.58
2013-12-19,687.66
2013-12-20,622.39
2013-12-23,672.45
2013-12-24,654.75
2013-12-26,773.81
2013-12-27,727.01
2013-12-30,761.33
2013-12-31,753.52
2014-01-02,808.87
2014-01-03,814.73
2014-01-06,938.7
2014-01-07,818.6
2014-01-08,829.53
2014-01-09,840.12
2014-01-10,865.2
2014-01-13,842.74
2014-01-14,839.07
2014-01-15,863.41
2014-01-16,841.33
2014-01-17,804.38
2014-01-20,880.2
2014-01-21,865.5
2014-01-22,846.6
2014-01-23,823.05
2014-01-24,802.18
2014-01-27,774.83
2014-01-28,819.61
2014-01-29,824.54
2014-01-30,816.73
2014-01-31,822.57
2014-02-03,824.0
2014-02-04,828.57
2014-02-05,822.23
2014-02-06,780.52
2014-02-07,725.37
2014-02-10,665.91
2014-02-11,653.42
2014-02-12,659.37
2014-02-13,614.82
2014-02-14,653.89
2014-02-17,626.49
2014-02-18,623.44
2014-02-19,624.06
2014-02-20,565.0
2014-02-21,567.67
2014-02-24,542.92
2014-02-25,535.1
2014-02-26,586.75
2014-02-27,581.4
2014-02-28,560.95
2014-03-03,663.57
2014-03-04,663.88
2014-03-05,662.38
2014-03-06,660.24
2014-03-07,629.33
2014-03-10,628.06
2014-03-11,635.69
2014-03-12,632.91
2014-03-13,637.51
2014-03-14,630.56
2014-03-17,623.36
2014-03-18,613.31
2014-03-19,614.4
2014-03-20,590.08
2014-03-21,580.99
2014-03-24,587.13
2014-03-25,582.55
2014-03-26,581.67
2014-03-27,511.14
2014-03-28,493.68
2014-03-31,453.37
2014-04-01,486.78
2014-04-02,439.41
2014-04-03,445.4
2014-04-04,446.35
2014-04-07,449.22
2014-04-08,448.35
2014-04-09,440.18
2014-04-10,375.33
2014-04-11,416.63
2014-04-14,456.56
2014-04-15,504.9
2014-04-16,530.48
2014-04-17,501.03
2014-04-18,479.62
2014-04-21,491.45
2014-04-22,485.23
2014-04-23,487.05
2014-04-24,492.95
2014-04-25,456.2
2014-04-28,442.18
2014-04-29,443.01
2014-04-30,445.87
2014-05-01,456.06
2014-05-02,445.73
2014-05-05,429.15
2014-05-06,427.24
2014-05-07,441.66
2014-05-08,437.75
2014-05-09,445.99
2014-05-12,439.23
2014-05-13,436.15
2014-05-14,443.79
2014-05-15,444.07
2014-05-16,446.87
2014-05-19,443.77
2014-05-20,482.6
2014-05-21,488.83
2014-05-22,520.13
2014-05-23,524.85
2014-05-26,579.64
2014-05-27,571.98
2014-05-28,567.92
2014-05-29,566.09
2014-05-30,608.79
2014-06-02,663.39
2014-06-03,663.0
2014-06-04,642.06
2014-06-05,657.2
2014-06-06,649.31
2014-06-09,642.47
2014-06-10,649.39
2014-06-11,627.24
2014-06-12,583.02
2014-06-13,588.44
2014-06-16,595.27
2014-06-17,607.94
2014-06-18,603.79
2014-06-19,593.09
2014-06-20,590.49
2014-06-23,586.68
2014-06-24,583.29
2014-06-25,563.32
2014-06-26,571.07
2014-06-27,587.3
2014-06-30,636.86
2014-07-01,643.79
2014-07-02,645.16
2014-07-03,637.92
2014-07-04,631.11
2014-07-07,617.25
2014-07-08,621.0
2014-07-09,622.08
2014-07-10,616.14
2014-07-11,630.52
2014-07-14,620.19
2014-07-15,619.35
2014-07-16,614.86
2014-07-17,622.86
2014-07-18,624.61
2014-07-21,619.96
2014-07-22,619.16
2014-07-23,618.2
2014-07-24,598.98
2014-07-25,599.41
2014-07-28,585.48
2014-07-29,582.24
2014-07-30,564.24
2014-07-31,584.22
2014-08-01,596.91
2014-08-04,586.17
2014-08-05,581.4
2014-08-06,582.45
2014-08-07,588.86
2014-08-08,591.44
2014-08-11,573.46
2014-08-12,566.86
2014-08-13,541.92
2014-08-14,509.66
2014-08-15,492.56
2014-08-18,453.56
2014-08-19,479.52
2014-08-20,509.42
2014-08-21,520.37
2014-08-22,512.95
2014-08-25,502.24
2014-08-26,508.65
2014-08-27,513.69
2014-08-28,506.46
2014-08-29,508.7
2014-09-01,480.33
2014-09-02,478.1
2014-09-03,476.67
2014-09-04,489.48
2014-09-05,481.9
2014-09-08,471.65
2014-09-09,472.93
2014-09-10,478.88
2014-09-11,474.81
2014-09-12,472.68
2014-09-15,474.27
2014-09-16,462.88
2014-09-17,450.09
2014-09-18,424.67
2014-09-19,395.98
2014-09-22,401.91
2014-09-23,434.71
2014-09-24,422.96
2014-09-25,410.34
2014-09-26,402.29
2014-09-29,376.62
2014-09-30,386.01
2014-10-01,381.64
2014-10-02,371.98
2014-10-03,359.93
2014-10-06,335.26
2014-10-07,327.94
2014-10-08,350.3
2014-10-09,356.39
2014-10-10,355.34
2014-10-13,389.67
2014-10-14,402.87
2014-10-15,390.72
2014-10-16,377.39
2014-10-17,378.33
2014-10-20,380.82
2014-10-21,382.89
2014-10-22,379.87
2014-10-23,355.0
2014-10-24,355.7
2014-10-27,350.85
2014-10-28,351.48
2014-10-29,335.6
2014-10-30,343.83
2014-10-31,340.06
2014-11-03,324.02
2014-11-04,326.71
2014-11-05,338.15
2014-11-06,348.08
2014-11-07,341.97
2014-11-10,367.23
2014-11-11,366.03
2014-11-12,417.31
2014-11-13,416.6
2014-11-14,392.68
2014-11-17,386.74
2014-11-18,376.29
2014-11-19,375.36
2014-11-20,356.19
2014-11-21,351.38
2014-11-24,378.39
2014-11-25,376.05
2014-11-26,366.69
2014-11-27,368.18
2014-11-28,378.57
2014-12-01,379.51
2014-12-02,380.63
2014-12-03,375.39
2014-12-04,369.32
2014-12-05,376.45
2014-12-08,364.96
2014-12-09,350.72
2014-12-10,346.43
2014-12-11,346.52
2014-12-12,353.17
2014-12-15,345.38
2014-12-16,329.29
2014-12-17,319.79
2014-12-18,311.72
2014-12-19,313.69
2014-12-22,329.02
2014-12-23,333.26
2014-12-24,322.14
2014-12-26,326.76
2014-12-29,313.03
2014-12-30,310.1
2014-12-31,316.89
2015-01-02,315.03
2015-01-05,270.93
2015-01-06,283.77
2015-01-07,294.92
2015-01-08,283.53
2015-01-09,290.18
2015-01-12,269.32
2015-01-13,219.91
2015-01-14,172.95
2015-01-15,207.25
2015-01-16,207.09
2015-01-19,214.53
2015-01-20,210.23
2015-01-21,226.69
2015-01-22,231.13
2015-01-23,234.02
2015-01-26,267.64
2015-01-27,262.18
2015-01-28,231.36
2015-01-29,231.79
2015-01-30,229.65
2015-02-02,231.91
2015-02-03,228.59
2015-02-04,224.43
2015-02-05,217.28
2015-02-06,223.97
2015-02-09,220.93
2015-02-10,220.68
2015-02-11,219.23
2015-02-12,222.0
2015-02-13,237.33
2015-02-16,236.16
2015-02-17,242.3
2015-02-18,234.49
2015-02-19,240.47
2015-02-20,242.17
2015-02-23,238.84
2015-02-24,238.83
2015-02-25,237.26
2015-02-26,236.28
2015-02-27,254.38
2015-03-02,269.11
2015-03-03,282.75
2015-03-04,272.07
2015-03-05,275.1
2015-03-06,273.11
2015-03-09,288.33
2015-03-10,292.31
2015-03-11,295.27
2015-03-12,294.06
2015-03-13,288.96
2015-03-16,290.5
2015-03-17,284.29
2015-03-18,254.14
2015-03-19,260.17
2015-03-20,260.76
2015-03-23,266.65
2015-03-24,248.07
2015-03-25,246.26
2015-03-26,247.59
2015-03-27,248.32
2015-03-30,246.29
2015-03-31,245.014
2015-04-01,246.45
2015-04-02,251.27
2015-04-03,253.33
2015-04-06,255.4
2015-04-07,253.6
2015-04-08,245.28
2015-04-09,242.45
2015-04-10,235.11
2015-04-13,222.06
2015-04-14,216.04
2015-04-15,220.95
2015-04-16,229.12
2015-04-17,223.49
2015-04-20,223.26
2015-04-21,233.02
2015-04-22,233.2
2015-04-23,234.42
2015-04-24,231.28
2015-04-27,232.13
2015-04-28,225.44
2015-04-29,226.23
2015-04-30,236.66
2015-05-01,234.7
2015-05-04,238.61
2015-05-05,235.8
2015-05-06,230.59
2015-05-07,238.96
2015-05-08,244.73
2015-05-11,242.27
2015-05-12,241.26
2015-05-13,234.95
2015-05-14,237.03
2015-05-15,237.42
2015-05-18,232.36
2015-05-19,232.44
2015-05-20,233.85
2015-05-21,235.38
2015-05-22,240.77
2015-05-25,237.26
2015-05-26,237.65
2015-05-27,236.94
2015-05-28,237.62
2015-05-29,237.2
2015-06-01,221.84
2015-06-02,225.97
2015-06-03,226.16
2015-06-04,224.91
2015-06-05,225.79
2015-06-08,228.62
2015-06-09,229.84
2015-06-10,229.04
2015-06-11,229.67
2015-06-12,230.82
2015-06-15,237.25
2015-06-16,247.32
2015-06-17,248.91
2015-06-18,248.99
2015-06-19,244.43
2015-06-22,247.89
2015-06-23,244.8
2015-06-24,240.68
2015-06-25,241.65
2015-06-26,241.21
2015-06-29,254.8
2015-06-30,263.054
2015-07-01,258.88
2015-07-02,254.65
2015-07-03,254.67
2015-07-06,273.62
2015-07-07,265.13
2015-07-08,265.79
2015-07-09,270.41
2015-07-10,293.14
2015-07-13,291.41
2015-07-14,288.63
2015-07-15,289.37
2015-07-16,278.96
2015-07-17,278.27
2015-07-20,276.52
2015-07-21,277.83
2015-07-22,275.32
2015-07-23,275.6
2015-07-24,288.88
2015-07-27,294.76
2015-07-28,293.84
2015-07-29,290.16
2015-07-30,286.8
2015-07-31,285.19
2015-08-03,282.62
2015-08-04,284.92
2015-08-05,281.99
2015-08-06,278.2
2015-08-07,279.02
2015-08-10,263.51
2015-08-11,268.68
2015-08-12,268.44
2015-08-13,264.01
2015-08-14,266.45
2015-08-17,257.18
2015-08-18,251.38
2015-08-19,223.16
2015-08-20,235.57
2015-08-21,232.35
2015-08-24,209.27
2015-08-25,221.09
2015-08-26,225.89
2015-08-27,226.39
2015-08-28,232.78
2015-08-31,229.84
2015-09-01,226.73
2015-09-02,228.75
2015-09-03,226.5
2015-09-04,230.4
2015-09-07,240.8
2015-09-08,243.39
2015-09-09,238.28
2015-09-10,238.95
2015-09-11,239.63
2015-09-14,231.64
2015-09-15,229.54
2015-09-16,228.3
2015-09-17,233.04
2015-09-18,233.13
2015-09-21,227.54
2015-09-22,229.67
2015-09-23,229.87
2015-09-24,233.97
2015-09-25,235.26
2015-09-28,238.94
2015-09-29,237.33
2015-09-30,236.647
2015-10-01,237.86
2015-10-02,237.26
2015-10-05,240.15
2015-10-06,245.6
2015-10-07,243.77
2015-10-08,243.32
2015-10-09,244.02
2015-10-12,245.82
2015-10-13,249.17
2015-10-14,253.48
2015-10-15,254.41
2015-10-16,265.32
2015-10-19,263.61
2015-10-20,268.7
2015-10-21,267.71
2015-10-22,273.89
2015-10-23,277.29
2015-10-26,285.28
2015-10-27,294.31
2015-10-28,302.76
2015-10-29,314.96
2015-10-30,319.826
2015-11-02,360.56
2015-11-03,398.3
2015-11-04,388.71
2015-11-05,390.96
2015-11-06,372.63
2015-11-09,382.1
2015-11-10,331.42
2015-11-11,307.48
2015-11-12,332.98
2015-11-13,331.97
2015-11-16,329.79
2015-11-17,337.33
2015-11-18,336.04
2015-11-19,327.15
2015-11-20,319.3
2015-11-23,323.24
2015-11-24,320.03
2015-11-25,327.7
2015-11-26,351.47
2015-11-27,358.73
2015-11-30,378.243
2015-12-01,363.174
2015-12-02,359.751
2015-12-03,361.115
2015-12-04,362.04
2015-12-07,396.21
2015-12-08,395.77
2015-12-09,417.29
2015-12-10,416.025
2015-12-11,451.569
2015-12-14,443.01
2015-12-15,463.84
2015-12-16,454.483
2015-12-17,455.685
2015-12-18,463.865
2015-12-21,434.707
2015-12-22,435.426
2015-12-23,442.654
2015-12-24,454.38
2015-12-28,421.017
2015-12-29,429.387
2015-12-30,427.077
2015-12-31,430.496
2016-01-04,435.01
2016-01-05,432.283
2016-01-06,431.332
2016-01-07,456.121
2016-01-08,452.817
2016-01-11,448.43
2016-01-12,445.931
2016-01-13,432.638
2016-01-14,430.163
2016-01-15,389.879
2016-01-18,385.342
2016-01-19,380.3
2016-01-20,415.628
2016-01-21,412.15
2016-01-22,379.867
2016-01-25,392.866
2016-01-26,393.84
2016-01-27,394.54
2016-01-28,379.089
2016-01-29,375.235
2016-02-01,370.727
2016-02-02,373.315
2016-02-03,367.634
2016-02-04,388.727
2016-02-05,386.354
2016-02-08,371.223
2016-02-09,373.888
2016-02-10,379.276
2016-02-11,376.676
2016-02-12,382.044
2016-02-15,398.359
2016-02-16,406.868
2016-02-17,418.918
2016-02-18,422.386
2016-02-19,419.147
2016-02-22,437.541
2016-02-23,420.716
2016-02-24,423.531
2016-02-25,422.958
2016-02-26,423.549
2016-02-29,437.197
2016-03-01,432.208
2016-03-02,424.845
2016-03-03,420.186
2016-03-04,412.882
2016-03-07,413.753
2016-03-08,411.828
2016-03-09,411.929
2016-03-10,416.112
2016-03-11,418.848
2016-03-14,414.113
2016-03-15,415.489
2016-03-16,416.198
2016-03-17,418.445
2016-03-18,405.499
2016-03-21,411.049
2016-03-22,416.302
2016-03-23,418.043
2016-03-24,414.886
2016-03-28,422.262
2016-03-29,414.766
2016-03-30,412.933
2016-03-31,416.095
2016-04-01,416.129
2016-04-04,419.094
2016-04-05,421.514
2016-04-06,421.923
2016-04-07,421.674
2016-04-08,418.375
2016-04-11,422.172
2016-04-12,425.858
2016-04-13,424.556
2016-04-14,424.827
2016-04-15,429.609
2016-04-18,428.174
2016-04-19,431.742
2016-04-20,442.048
2016-04-21,449.984
2016-04-22,449.398
2016-04-25,467.181
2016-04-26,467.902
2016-04-27,450.369
2016-04-28,449.176
2016-04-29,455.726
2016-05-02,445.474
2016-05-03,450.735
2016-05-04,447.027
2016-05-05,449.095
2016-05-06,456.579
2016-05-09,459.812
2016-05-10,452.202
2016-05-11,451.896
2016-05-12,452.509
2016-05-13,455.602
2016-05-16,454.318
2016-05-17,453.453
2016-05-18,454.649
2016-05-19,441.969
2016-05-20,441.911
2016-05-23,442.772
2016-05-24,445.732
2016-05-25,448.873
2016-05-26,453.741
2016-05-27,473.149
2016-05-30,532.311
2016-05-31,527.232
2016-06-01,536.021
2016-06-02,536.942
2016-06-03,570.939
2016-06-06,583.533
2016-06-07,575.705
2016-06-08,581.835
2016-06-09,576.103
2016-06-10,578.771
2016-06-13,702.247
2016-06-14,689.37
2016-06-15,691.946
2016-06-16,772.082
2016-06-17,757.002
2016-06-20,738.116
2016-06-21,656.125
2016-06-22,621.157
2016-06-23,621.195
2016-06-24,661.288
2016-06-27,645.703
2016-06-28,648.677
2016-06-29,636.659
2016-06-30,667.78
2016-07-01,677.048
2016-07-04,678.841
2016-07-05,670.196
2016-07-06,676.087
2016-07-07,625.626
2016-07-08,654.579
2016-07-11,649.351
2016-07-12,670.646
2016-07-13,660.677
2016-07-14,661.419
2016-07-15,664.099
2016-07-18,673.582
2016-07-19,670.286
2016-07-20,665.513
2016-07-21,665.026
2016-07-22,656.426
2016-07-25,656.728
2016-07-26,655.179
2016-07-27,655.996
2016-07-28,656.082
2016-07-29,657.333
2016-08-01,617.208
2016-08-02,555.617
2016-08-03,566.027
2016-08-04,568.343
2016-08-05,574.449
2016-08-08,591.856
2016-08-09,585.343
2016-08-10,595.167
2016-08-11,590.354
2016-08-12,585.617
2016-08-15,567.634
2016-08-16,578.804
2016-08-17,571.69
2016-08-18,573.066
2016-08-19,574.614
2016-08-22,585.309
2016-08-23,581.463
2016-08-24,578.369
2016-08-25,575.672
2016-08-26,578.135
2016-08-29,572.508
2016-08-30,576.868
2016-08-31,572.344
2016-09-01,570.809
2016-09-02,573.329
2016-09-05,607.423
2016-09-06,609.83
2016-09-07,613.911
2016-09-08,623.947
2016-09-09,620.232
2016-09-12,605.987
2016-09-13,608.384
2016-09-14,608.939
2016-09-15,605.767
2016-09-16,606.796
2016-09-19,607.681
2016-09-20,607.792
2016-09-21,595.451
2016-09-22,595.77
2016-09-23,600.745
2016-09-26,606.575
2016-09-27,603.209
2016-09-28,603.61
2016-09-29,605.804
2016-09-30,605.62
2016-10-03,611.77
2016-10-04,608.532
2016-10-05,611.808
2016-10-06,610.986
2016-10-07,615.574
2016-10-10,616.409
2016-10-11,637.552
2016-10-12,634.84
2016-10-13,635.728
2016-10-14,638.162
2016-10-17,636.821
2016-10-18,633.834
2016-10-19,627.51
2016-10-20,628.733
2016-10-21,630.279
2016-10-24,648.424
2016-10-25,654.022
2016-10-26,672.314
2016-10-27,679.117
2016-10-28,686.577
2016-10-31,699.105
2016-11-01,727.802
2016-11-02,731.743
2016-11-03,678.334
2016-11-04,697.204
2016-11-07,706.764
2016-11-08,710.682
2016-11-09,720.305
2016-11-10,711.44
2016-11-11,714.694
2016-11-14,706.614
2016-11-15,711.592
2016-11-16,738.662
2016-11-17,736.865
2016-11-18,744.048
2016-11-21,737.898
2016-11-22,747.719
2016-11-23,740.905
2016-11-24,735.889
2016-11-25,735.943
2016-11-28,731.689
2016-11-29,731.315
2016-11-30,741.84
2016-12-01,753.125
2016-12-02,768.994
2016-12-05,753.296
2016-12-06,758.956
2016-12-07,765.814
2016-12-08,768.935
2016-12-09,769.586
2016-12-12,778.21
2016-12-13,778.877
2016-12-14,775.494
2016-12-15,776.217
2016-12-16,779.788
2016-12-19,789.64
2016-12-20,794.218
2016-12-21,825.832
2016-12-22,861.326
2016-12-23,895.897
2016-12-27,928.764
2016-12-28,972.384
2016-12-29,966.464
2016-12-30,960.523
2017-01-02,1021.97
2017-01-03,1028.28
2017-01-04,1133.92
2017-01-05,1011.33
2017-01-06,886.839
2017-01-09,899.2
2017-01-10,906.947
2017-01-11,782.779
2017-01-12,813.273
2017-01-13,820.143
2017-01-16,829.187
2017-01-17,904.814
2017-01-18,873.134
2017-01-19,893.735
2017-01-20,895.736
2017-01-23,920.726
2017-01-24,887.942
2017-01-25,893.575
2017-01-26,916.003
2017-01-27,919.371
2017-01-30,921.15
2017-01-31,966.931
2017-02-01,986.291
2017-02-02,1008.37
2017-02-03,1013.07
2017-02-06,1025.43
2017-02-07,1051.75
2017-02-08,1057.42
2017-02-09,980.392
2017-02-10,989.022
2017-02-13,998.702
2017-02-14,1009.9
2017-02-15,1010.2
2017-02-16,1033.59
2017-02-17,1056.97
2017-02-20,1061.01
2017-02-21,1122.96
2017-02-22,1122.46
2017-02-23,1176.33
2017-02-24,1165.37
2017-02-27,1190.05
2017-02-28,1192.75
2017-03-01,1225.79
2017-03-02,1263.58
2017-03-03,1280.08
2017-03-06,1279.43
2017-03-07,1230.92
2017-03-08,1165.5
2017-03-09,1188.78
2017-03-10,1284.52
2017-03-13,1243.32
2017-03-14,1246.11
2017-03-15,1259.6
2017-03-16,1173.98
2017-03-17,1110.62
2017-03-20,1042.32
2017-03-21,1115.32
2017-03-22,1022.81
2017-03-23,1025.43
2017-03-24,961.816
2017-03-27,1033.06
2017-03-28,1035.3
2017-03-29,1044.28
2017-03-30,1035.3
2017-03-31,1076.89
2017-04-03,1153.67
2017-04-04,1139.34
2017-04-05,1126.51
2017-04-06,1197.32
2017-04-07,1198.9
2017-04-10,1205.11
2017-04-11,1229.11
2017-04-12,1216.99
2017-04-13,1178.0
2017-04-14,1185.96
2017-04-17,1200.77
2017-04-18,1216.4
2017-04-19,1221.75
2017-04-20,1248.44
2017-04-21,1250.78
2017-04-24,1249.06
2017-04-25,1263.1
2017-04-26,1289.66
2017-04-27,1329.96
2017-04-28,1295.0
2017-05-01,1420.86
2017-05-02,1425.31
2017-05-03,1476.89
2017-05-04,1504.44
2017-05-05,1503.99
2017-05-08,1612.9
2017-05-09,1699.81
2017-05-10,1743.07
2017-05-11,1803.75
2017-05-12,1665.28
2017-05-15,1698.95
2017-05-16,1714.38
2017-05-17,1782.21
2017-05-18,1877.58
2017-05-19,1931.62
2017-05-22,2174.86
2017-05-23,2276.35
2017-05-24,2502.5
2017-05-25,2585.32
2017-05-26,2272.73
2017-05-29,2325.58
2017-05-30,2223.21
2017-05-31,2307.34
2017-06-01,2438.43
2017-06-02,2440.81
2017-06-05,2682.4
2017-06-06,2906.98
2017-06-07,2700.51
2017-06-08,2798.77
2017-06-09,2852.25
2017-06-12,2693.97
2017-06-13,2732.99
2017-06-14,2491.28
2017-06-15,2430.13
2017-06-16,2554.93
2017-06-19,2622.61
2017-06-20,2802.69
2017-06-21,2701.24
2017-06-22,2742.73
2017-06-23,2766.25
2017-06-26,2480.16
2017-06-27,2475.86
2017-06-28,2617.8
2017-06-29,2583.31
2017-06-30,2545.82
2017-07-03,2602.81
2017-07-04,2607.56
2017-07-05,2632.96
2017-07-06,2615.75
2017-07-07,2545.82
2017-07-10,2373.61
2017-07-11,2357.93
2017-07-12,2407.9
2017-07-13,2356.82
2017-07-14,2220.74
2017-07-17,2181.03
2017-07-18,2375.3
2017-07-19,2295.68
2017-07-20,2759.38
2017-07-21,2649.71
2017-07-24,2770.85
2017-07-25,2595.38
2017-07-26,2483.24
2017-07-27,2672.37
2017-07-28,2772.39
2017-07-31,2872.74
2017-08-01,2724.8
2017-08-02,2693.24
2017-08-03,2806.62
2017-08-04,2854.7
2017-08-07,3400.2
2017-08-08,3459.01
2017-08-09,3386.39
2017-08-10,3462.6
2017-08-11,3571.43
2017-08-14,4351.61
2017-08-15,4173.62
2017-08-16,4378.28
2017-08-17,4353.5
2017-08-18,4173.62
2017-08-21,4089.98
2017-08-22,4152.82
2017-08-23,4144.22
2017-08-24,4288.16
2017-08-25,4378.28
2017-08-28,4426.74
2017-08-29,4670.71
2017-08-30,4631.77
2017-08-31,4766.44
2017-09-01,4892.37
2017-09-04,4416.96
2017-09-05,4416.96
2017-09-06,4614.67
2017-09-07,4631.77
2017-09-08,4214.08
2017-09-11,4187.6
2017-09-12,4182.35
2017-09-13,3916.96
2017-09-14,3307.97
2017-09-15,3637.69
2017-09-18,4040.4
2017-09-19,3901.68
2017-09-20,3932.36
2017-09-21,3653.64
2017-09-22,3585.51
2017-09-25,3951.01
2017-09-26,3918.5
2017-09-27,4194.63
2017-09-28,4184.1
2017-09-29,4166.67
2017-10-02,4387.89
2017-10-03,4286.33
2017-10-04,4215.85
2017-10-05,4330.88
2017-10-06,4344.05
2017-10-09,4805.38
2017-10-10,4830.92
2017-10-11,4810.0
2017-10-12,5288.21
2017-10-13,5509.64
2017-10-16,5707.76
2017-10-17,5577.24
2017-10-18,5500.55
2017-10-19,5714.29
2017-10-20,6049.61
2017-10-23,5889.28
2017-10-24,5470.46
2017-10-25,5678.59
2017-10-26,5824.11
2017-10-27,5740.53
2017-10-30,6097.56
2017-10-31,6385.7
2017-11-01,6662.23
2017-11-02,7022.47
2017-11-03,7235.89
2017-11-06,6988.12
2017-11-07,7077.14
2017-11-08,7396.45
2017-11-09,7112.38
2017-11-10,6439.15
2017-11-13,6447.45
2017-11-14,6574.62
2017-11-15,7251.63
2017-11-16,7782.1
2017-11-17,7698.23
2017-11-20,8257.64
2017-11-21,7980.85
2017-11-22,8264.46
2017-11-23,8130.08
2017-11-24,8237.23
2017-11-27,9661.84
2017-11-28,9940.36
2017-11-29,9960.16
2017-11-30,9803.92
2017-12-01,10787.0
2017-12-04,11468.0
2017-12-05,11737.0
2017-12-06,13793.0
2017-12-07,16611.0
2017-12-08,15198.0
2017-12-11,16920.0
2017-12-12,17361.0
2017-12-13,16529.0
2017-12-14,16502.0
2017-12-15,17699.0
2017-12-18,18762.0
2017-12-19,17271.0
2017-12-20,16287.0
2017-12-21,15601.0
2017-12-22,14347.0
2017-12-26,15723.0
2017-12-27,15267.0
2017-12-28,14065.0
2017-12-29,14368.0
2018-01-02,14859.0
2018-01-03,14881.0
2018-01-04,15038.0
2018-01-05,16556.0
2018-01-08,14684.0
2018-01-09,14409.0
2018-01-10,14451.0
2018-01-11,13089.0
2018-01-12,13908.0
2018-01-15,13812.0
2018-01-16,11062.0
2018-01-17,11086.0
2018-01-18,11287.0
2018-01-19,11390.0
2018-01-22,10661.0
2018-01-23,11050.0
2018-01-24,11099.0
2018-01-25,11161.0
2018-01-26,10965.0
2018-01-29,11050.0
2018-01-30,10194.0
2018-01-31,10081.0
2018-02-01,8992.81
2018-02-02,8576.33
2018-02-05,6844.63
2018-02-06,7645.26
2018-02-07,7867.82
2018-02-08,8223.68
2018-02-09,8561.64
2018-02-12,8880.99
2018-02-13,8539.71
2018-02-14,9433.96
2018-02-15,10070.0
2018-02-16,10010.0
2018-02-19,11086.0
2018-02-20,11429.0
2018-02-21,10449.0
2018-02-22,9960.16
2018-02-23,9980.04
2018-02-26,10352.0
2018-02-27,10741.0
2018-02-28,10428.0
2018-03-01,10965.0
2018-03-02,11050.0
2018-03-05,11561.0
2018-03-06,10764.0
2018-03-07,9930.49
2018-03-08,9276.44
2018-03-09,8992.81
2018-03-12,9049.77
2018-03-13,9157.51
2018-03-14,8169.93
2018-03-15,8326.39
2018-03-16,8525.15
2018-03-19,8496.18
2018-03-20,8952.55
2018-03-21,8849.56
2018-03-22,8695.65
2018-03-23,8620.69
2018-03-26,7886.44
2018-03-27,8000.0
2018-03-28,7874.02
2018-03-29,7052.19
2018-03-30,6816.63
2018-04-02,6983.24
2018-04-03,7429.42
2018-04-04,6830.6
2018-04-05,6724.95
2018-04-06,6622.52
2018-04-09,6715.92
2018-04-10,6854.01
2018-04-11,6901.31
2018-04-12,7824.73
2018-04-13,8097.17
2018-04-16,7993.61
2018-04-17,7911.39
2018-04-18,8190.01
2018-04-19,8271.3
2018-04-20,8517.89
2018-04-23,8936.55
2018-04-24,9469.7
2018-04-25,9165.9
2018-04-26,9090.91
2018-04-27,9090.91
2018-04-30,9216.59
2018-05-01,9074.41
2018-05-02,9233.61
2018-05-03,9652.51
2018-05-04,9652.51
2018-05-07,9389.67
2018-05-08,9182.74
2018-05-09,9242.14
2018-05-10,9099.18
2018-05-11,8605.85
2018-05-14,8726.0
2018-05-15,8496.18
2018-05-16,8285.0
2018-05-17,8149.96
2018-05-18,8230.45
2018-05-21,8382.23
2018-05-22,8071.03
2018-05-23,7639.42
2018-05-24,7530.12
2018-05-25,7423.9
2018-05-28,7163.32
2018-05-29,7490.64
2018-05-30,7336.76
2018-05-31,7547.17
2018-06-01,7434.94
2018-06-04,7535.8
2018-06-05,7587.25
2018-06-06,7662.84
2018-06-07,7662.84
2018-06-08,7639.42
2018-06-11,6770.48
2018-06-12,6548.79
2018-06-13,6277.46
2018-06-14,6648.94
2018-06-15,6548.79
2018-06-18,6715.92
2018-06-19,6720.43
2018-06-20,6720.43
2018-06-21,6706.91
2018-06-22,6195.79
2018-06-25,6261.74
2018-06-26,6222.78
2018-06-27,6119.95
2018-06-28,5917.16
2018-06-29,5882.35
2018-07-02,6644.52
2018-07-03,6609.39
2018-07-04,6688.96
2018-07-05,6493.51
2018-07-06,6570.3
2018-07-09,6711.41
2018-07-10,6373.49
2018-07-11,6361.32
2018-07-12,6169.03
2018-07-13,6176.65
2018-07-16,6662.23
2018-07-17,7358.35
2018-07-18,7331.38
2018-07-19,7434.94
2018-07-20,7342.14
2018-07-23,7751.94
2018-07-24,8257.64
2018-07-25,8278.15
2018-07-26,7949.13
2018-07-27,8223.68
2018-07-30,8123.48
2018-07-31,7710.1
2018-08-01,7479.43
2018-08-02,7530.12
2018-08-03,7374.63
2018-08-06,6863.42
2018-08-07,6738.54
2018-08-08,6293.27
2018-08-09,6587.62
2018-08-10,6397.95
2018-08-13,6242.2
2018-08-14,6116.21
2018-08-15,6418.49
2018-08-16,6277.46
2018-08-17,6497.73
2018-08-20,6422.61
2018-08-21,6464.12
2018-08-22,6369.43
2018-08-23,6476.68
2018-08-24,6622.52
2018-08-27,6729.48
2018-08-28,7067.14
2018-08-29,7062.15
2018-08-30,6939.63
2018-08-31,7042.25
2018-09-03,7309.94
2018-09-04,7352.94
2018-09-05,6930.01
2018-09-06,6435.01
2018-09-07,6418.49
2018-09-10,6293.27
2018-09-11,6309.15
2018-09-12,6301.2
2018-09-13,6459.95
2018-09-14,6535.95
2018-09-17,6246.1
2018-09-18,6321.11
2018-09-19,6381.62
2018-09-20,6497.73
2018-09-21,6752.19
2018-09-24,6618.13
2018-09-25,6389.78
2018-09-26,6476.68
2018-09-27,6711.41
2018-09-28,6675.57
2018-10-01,6578.95
2018-10-02,6531.68
2018-10-03,6451.61
2018-10-04,6557.38
2018-10-05,6553.08
2018-10-08,6635.7
2018-10-09,6596.31
2018-10-10,6535.95
2018-10-11,6222.78
2018-10-12,6238.3
2018-10-15,6459.95
2018-10-16,6523.16
2018-10-17,6514.66
2018-10-18,6430.87
2018-10-19,6426.74
2018-10-22,6447.45
2018-10-23,6435.01
2018-10-24,6464.12
2018-10-25,6435.01
2018-10-26,6435.01
2018-10-29,6285.36
2018-10-30,6285.36
2018-10-31,6325.11
2018-11-01,6353.24
2018-11-02,6369.43
2018-11-05,6414.37
2018-11-06,6451.61
2018-11-07,6518.9
2018-11-08,6426.74
2018-11-09,6361.32
2018-11-12,6349.21
2018-11-13,6329.11
2018-11-14,5595.97
2018-11-15,5534.03
2018-11-16,5540.17
2018-11-19,4840.27
2018-11-20,4310.34
2018-11-21,4504.5
2018-11-22,4442.47
2018-11-23,4248.09
2018-11-26,3680.53
2018-11-27,3822.63
2018-11-28,4210.53
2018-11-29,4240.88
2018-11-30,3974.56
2018-12-03,3865.48
2018-12-04,3923.11
2018-12-05,3731.34
2018-12-06,3612.72
2018-12-07,3363.61
2018-12-10,3460.21
2018-12-11,3393.28
2018-12-12,3445.9
2018-12-13,3294.89
2018-12-14,3194.89
2018-12-17,3513.7
2018-12-18,3599.71
2018-12-19,3753.75
2018-12-20,4105.09
2018-12-21,3838.77
2018-12-24,4095.0
2018-12-26,3850.6
2018-12-27,3632.4
2018-12-28,3952.57
2018-12-31,3728.56
2019-01-02,3946.33
2019-01-03,3840.25
2019-01-04,3827.02
2019-01-07,4033.88
2019-01-08,4038.77
2019-01-09,4030.63
2019-01-10,3654.97
2019-01-11,3681.89
2019-01-14,3687.32
2019-01-15,3599.71
2019-01-16,3619.25
2019-01-17,3656.31
2019-01-18,3627.13
2019-01-21,3544.84
2019-01-22,3601.01
2019-01-23,3573.98
2019-01-24,3590.66
2019-01-25,3575.26
2019-01-28,3454.23
2019-01-29,3424.66
2019-01-30,3471.02
2019-01-31,3450.66
2019-02-01,3478.26
2019-02-04,3436.43
2019-02-05,3450.66
2019-02-06,3395.59
2019-02-07,3387.53
2019-02-08,3657.64
2019-02-11,3625.82
2019-02-12,3616.64
2019-02-13,3601.01
2019-02-14,3594.54
2019-02-15,3598.42
2019-02-18,3895.6
2019-02-19,3941.66
2019-02-20,3961.97
2019-02-21,3923.11
2019-02-22,3969.83
2019-02-25,3853.56
2019-02-26,3831.42
2019-02-27,3800.84
2019-02-28,3829.95
2019-03-01,3865.48
2019-03-04,3724.39
2019-03-05,3869.97
2019-03-06,3886.51
2019-03-07,3897.12
2019-03-08,3933.91
2019-03-11,3886.51
2019-03-12,3898.64
2019-03-13,3881.99
2019-03-14,3885.0
2019-03-15,3933.91
2019-03-18,4009.62
2019-03-19,4029.01
2019-03-20,4063.39
2019-03-21,4000.0
2019-03-22,4000.0
2019-03-25,3924.65
2019-03-26,3933.91
2019-03-27,4037.14
2019-03-28,4035.51
2019-03-29,4101.72
2019-04-01,4154.55
2019-04-02,4805.38
2019-04-03,5219.21
2019-04-04,4943.15
2019-04-05,5030.18
2019-04-08,5288.21
2019-04-09,5230.13
2019-04-10,5296.61
2019-04-11,5030.18
2019-04-12,5068.42
2019-04-15,5027.65
2019-04-16,5216.48
2019-04-17,5246.59
2019-04-18,5305.04
2019-04-22,5399.57
2019-04-23,5580.36
2019-04-24,5446.62
2019-04-25,5411.26
2019-04-26,5178.66
2019-04-29,5238.34
2019-04-30,5370.57
2019-05-01,5405.41
2019-05-02,5512.68
2019-05-03,5793.74
2019-05-06,5803.83
2019-05-07,5995.2
2019-05-08,5988.02
2019-05-09,6153.85
2019-05-10,6397.95
2019-05-13,8071.03
2019-05-14,7776.05
2019-05-15,8136.7
2019-05-16,7930.21
2019-05-17,7158.2
2019-05-20,8051.53
2019-05-21,7993.61
2019-05-22,7680.49
2019-05-23,7892.66
2019-05-24,8064.52
2019-05-27,8818.34
2019-05-28,8710.8
2019-05-29,8665.51
2019-05-30,8210.18
2019-05-31,8431.7
2019-06-03,8496.18
2019-06-04,7530.12
2019-06-05,7745.93
2019-06-06,7745.93
2019-06-07,7968.13
2019-06-10,7949.13
2019-06-11,7911.39
2019-06-12,8156.61
2019-06-13,8326.39
2019-06-14,8410.43
2019-06-17,9285.05
2019-06-18,9009.01
2019-06-19,9233.61
2019-06-20,9523.81
2019-06-21,9910.8
2019-06-24,10953.0
2019-06-25,11547.0
2019-06-26,12407.0
2019-06-27,10776.0
2019-06-28,12315.0
2019-07-01,10593.0
2019-07-02,10695.0
2019-07-03,11403.0
2019-07-04,11587.0
2019-07-05,11136.0
2019-07-08,12330.0
2019-07-09,12563.0
2019-07-10,11947.0
2019-07-11,11299.0
2019-07-12,11628.0
2019-07-15,10753.0
2019-07-16,9643.2
2019-07-17,9842.52
2019-07-18,10593.0
2019-07-19,10406.0
2019-07-22,10267.0
2019-07-23,10121.0
2019-07-24,9784.74
2019-07-25,9891.2
2019-07-26,9861.93
2019-07-29,9505.7
2019-07-30,9578.54
2019-07-31,10050.0
2019-08-01,10417.0
2019-08-02,10471.0
2019-08-05,11737.0
2019-08-06,11377.0
2019-08-07,11947.0
2019-08-08,11723.0
2019-08-09,11820.0
2019-08-12,11403.0
2019-08-13,10870.0
2019-08-14,10194.0
2019-08-15,10341.0
2019-08-16,10471.0
2019-08-19,10730.0
2019-08-20,10799.0
2019-08-21,10060.0
2019-08-22,10142.0
2019-08-23,10428.0
2019-08-26,10277.0
2019-08-27,10142.0
2019-08-28,9727.63
2019-08-29,9514.75
2019-08-30,9578.54
2019-09-02,10384.0
2019-09-03,10695.0
2019-09-04,10672.0
2019-09-05,10560.0
2019-09-06,10384.0
2019-09-09,10288.0
2019-09-10,10101.0
2019-09-11,10173.0
2019-09-12,10417.0
2019-09-13,10225.0
2019-09-16,10309.0
2019-09-17,10225.0
2019-09-18,10204.0
2019-09-19,10277.0
2019-09-20,10163.0
2019-09-23,9746.59
2019-09-24,8673.03
2019-09-25,8605.85
2019-09-26,8090.61
2019-09-27,8012.82
2019-09-30,8271.3
2019-10-01,8326.39
2019-10-02,8278.15
2019-10-03,8196.72
2019-10-04,8210.18
2019-10-07,8216.93
2019-10-08,8169.93
2019-10-09,8568.98
2019-10-10,8568.98
2019-10-11,8354.22
2019-10-14,8326.39
2019-10-15,8163.27
2019-10-16,7987.22
2019-10-17,8071.03
2019-10-18,7968.13
2019-10-21,8230.45
2019-10-22,8110.3
2019-10-23,7446.02
2019-10-24,7457.12
2019-10-25,8650.52
2019-10-28,9460.74
2019-10-29,9469.7
2019-10-30,9225.09
2019-10-31,9132.42
2019-11-01,9225.09
2019-11-04,9398.5
2019-11-05,9328.36
2019-11-06,9345.79
2019-11-07,9233.61
2019-11-08,8802.82
2019-11-11,8718.4
2019-11-12,8771.93
2019-11-13,8756.57
2019-11-14,8658.01
2019-11-15,8474.58
2019-11-18,8216.93
2019-11-19,8143.32
2019-11-20,8090.61
2019-11-21,7639.42
2019-11-22,7342.14
2019-11-25,7230.66
2019-11-26,7163.32
2019-11-27,7547.17
2019-11-28,7396.45
2019-11-29,7757.95
2019-12-02,7352.94
2019-12-03,7331.38
2019-12-04,7225.43
2019-12-05,7423.9
2019-12-06,7457.12
2019-12-09,7347.54
2019-12-10,7251.63
2019-12-11,7204.61
2019-12-12,7199.42
2019-12-13,7267.44
2019-12-16,6901.31
2019-12-17,6600.66
2019-12-18,7363.77
2019-12-19,7168.46
2019-12-20,7220.22
2019-12-23,7299.27
2019-12-24,7189.07
2019-12-26,7209.81
2019-12-27,7230.66
2019-12-30,7267.44
2019-12-31,7194.24
2020-01-02,6968.64
2020-01-03,7326.01
2020-01-06,7722.01
2020-01-07,8032.13
2020-01-08,8071.03
2020-01-09,7806.4
2020-01-10,8071.03
2020-01-13,8116.88
2020-01-14,8748.91
2020-01-15,8849.56
2020-01-16,8718.4
2020-01-17,8865.25
2020-01-20,8665.51
2020-01-21,8710.8
2020-01-22,8643.04
2020-01-23,8396.31
2020-01-24,8481.76
2020-01-27,8904.72
2020-01-28,9149.13
2020-01-29,9337.07
2020-01-30,9560.23
2020-01-31,9310.99
2020-02-03,9276.44
2020-02-04,9182.74
2020-02-05,9624.64
2020-02-06,9671.18
2020-02-07,9727.63
2020-02-10,9842.52
2020-02-11,10225.0
2020-02-12,10352.0
2020-02-13,10215.0
2020-02-14,10363.0
2020-02-17,9633.91
2020-02-18,10183.0
2020-02-19,9680.54
2020-02-20,9624.64
2020-02-21,9718.17
2020-02-24,9643.2
2020-02-25,9389.67
2020-02-26,8795.07
2020-02-27,8795.07
2020-02-28,8620.69
2020-03-02,8936.55
2020-03-03,8787.35
2020-03-04,8756.57
2020-03-05,9082.65
2020-03-06,9132.42
2020-03-09,7886.44
2020-03-10,7968.13
2020-03-11,7993.61
2020-03-12,5783.69
2020-03-13,5437.74
2020-03-16,4940.71
2020-03-17,5461.5
2020-03-18,5353.32
2020-03-19,6297.23
2020-03-20,5963.03
2020-03-23,6468.31
2020-03-24,6784.26
2020-03-25,6706.91
2020-03-26,6724.95
2020-03-27,6693.44
2020-03-30,6544.5
2020-03-31,6459.95
2020-04-01,6377.55
2020-04-02,6844.63
2020-04-03,6788.87
2020-04-06,7299.27
2020-04-07,7183.91
2020-04-08,7336.76
2020-04-09,7315.29
2020-04-13,6839.95
2020-04-14,6858.71
2020-04-15,6738.54
2020-04-16,7082.15
2020-04-17,7077.14
2020-04-20,6868.13
2020-04-21,6901.31
2020-04-22,7102.27
2020-04-23,7598.78
2020-04-24,7530.12
2020-04-27,7739.94
2020-04-28,7739.94
2020-04-29,8865.25
2020-04-30,8764.24
2020-05-01,8733.62
2020-05-04,8952.55
2020-05-05,8968.61
2020-05-06,9293.68
2020-05-07,9881.42
2020-05-08,9960.16
2020-05-11,8583.69
2020-05-12,8764.24
2020-05-13,9354.54
2020-05-14,9765.63
2020-05-15,9337.07
2020-05-18,9689.92
2020-05-19,9680.54
2020-05-20,9551.1
2020-05-21,9099.18
2020-05-22,9174.31
2020-05-25,8904.72
2020-05-26,8849.56
2020-05-27,9074.41
2020-05-28,9442.87
2020-05-29,9398.5
2020-06-01,9652.51
2020-06-02,9523.81
2020-06-03,9587.73
2020-06-04,9775.17
2020-06-05,9727.63
2020-06-08,9718.17
2020-06-09,9823.18
2020-06-10,9852.22
2020-06-11,9345.79
2020-06-12,9425.07
2020-06-15,9442.87
2020-06-16,9505.7
2020-06-17,9407.34
2020-06-18,9363.3
2020-06-19,9302.33
2020-06-22,9689.92
2020-06-23,9652.51
2020-06-24,9267.84
2020-06-25,9302.33
2020-06-26,9165.9
2020-06-29,9208.1
2020-06-30,9165.9
2020-07-01,9242.14
2020-07-02,9140.77
2020-07-03,9082.65
2020-07-06,9285.05
2020-07-07,9250.69
2020-07-08,9433.96
2020-07-09,9250.69
2020-07-10,9233.61
2020-07-13,9250.69
2020-07-14,9242.14
2020-07-15,9225.09
2020-07-16,9124.09
2020-07-17,9165.9
2020-07-20,9174.31
2020-07-21,9380.86
2020-07-22,9379.98
2020-07-23,9618.53
2020-07-24,9594.72
2020-07-27,11131.0
2020-07-28,11027.0
2020-07-29,11286.0
2020-07-30,11094.0
2020-07-31,11328.0
2020-08-03,11260.0
2020-08-04,11246.0
2020-08-05,11777.0
2020-08-06,11742.0
2020-08-07,11508.0
2020-08-10,11839.0
2020-08-11,11311.0
2020-08-12,11516.0
2020-08-13,11698.0
2020-08-14,11810.0
2020-08-17,12334.0
2020-08-18,12074.0
2020-08-19,11712.0
2020-08-20,11831.0
2020-08-21,11678.0
2020-08-24,11762.0
2020-08-25,11314.0
2020-08-26,11478.0
2020-08-27,11284.0
2020-08-28,11513.0
2020-08-31,11640.0
2020-09-01,12028.0
2020-09-02,11386.0
2020-09-03,10736.0
2020-09-04,10588.0
2020-09-07,10161.0
2020-09-08,10032.0
2020-09-09,10245.0
2020-09-10,10349.0
2020-09-11,10338.0
2020-09-14,10717.0
2020-09-15,10856.0
2020-09-16,11020.0
2020-09-17,10962.0
2020-09-18,10878.0
2020-09-21,10509.0
2020-09-22,10551.0
2020-09-23,10258.0
2020-09-24,10653.0
2020-09-25,10732.0
2020-09-28,10890.0
2020-09-29,10770.0
2020-09-30,10709.0
2020-10-01,10605.0
2020-10-02,10524.0
2020-10-05,10743.0
2020-10-06,10575.0
2020-10-07,10664.0
2020-10-08,10885.0
2020-10-09,11046.0
2020-10-12,11689.0
2020-10-13,11453.0
2020-10-14,11383.0
2020-10-15,11507.0
2020-10-16,11325.0
2020-10-19,11757.0
2020-10-20,11927.0
2020-10-21,12942.0
2020-10-22,13153.0
2020-10-23,12929.0
2020-10-26,13054.0
2020-10-27,13737.0
2020-10-28,13268.0
2020-10-29,13418.0
2020-10-30,13637.0
2020-11-02,13580.0
2020-11-03,13832.0
2020-11-04,14123.0
2020-11-05,15555.0
2020-11-06,15486.0
2020-11-09,15249.0
2020-11-10,15385.0
2020-11-11,15813.0
2020-11-12,16220.0
2020-11-13,16210.0
2020-11-16,16734.0
2020-11-17,17597.0
2020-11-18,17838.0
2020-11-19,17889.0
2020-11-20,18640.0
2020-11-23,18421.0
2020-11-24,19122.0
2020-11-25,18756.0
2020-11-26,17196.0
2020-11-27,17079.0
2020-11-30,19484.0
2020-12-01,18939.0
2020-12-02,19118.0
2020-12-03,19479.0
2020-12-04,18979.0
2020-12-07,19124.0
2020-12-08,18550.0
2020-12-09,18561.0
2020-12-10,18336.0
2020-12-11,17990.0
2020-12-14,19282.0
2020-12-15,19472.0
2020-12-16,21377.0
2020-12-17,23024.0
2020-12-18,22774.0
2020-12-21,23173.0
2020-12-22,23743.0
2020-12-23,23281.0
2020-12-24,23333.0
2020-12-28,26821.0
2020-12-29,27043.0
2020-12-30,28742.0
2020-12-31,29170.0
2021-01-04,31388.0
2021-01-05,34285.0
2021-01-06,36074.0
2021-01-07,39632.0
2021-01-08,39037.0
2021-01-11,34468.0
2021-01-12,33683.0
2021-01-13,37219.0
2021-01-14,38941.0
2021-01-15,35585.0
2021-01-18,36506.0
2021-01-19,36695.0
2021-01-20,35030.0
2021-01-21,30824.0
2021-01-22,33555.0
2021-01-25,32487.0
2021-01-26,32657.0
2021-01-27,30611.0
2021-01-28,33548.0
2021-01-29,34569.0
2021-02-01,33560.0
2021-02-02,35652.0
2021-02-03,37309.0
2021-02-04,37295.0
2021-02-05,37771.0
2021-02-08,44715.0
2021-02-09,46827.0
2021-02-10,45214.0
2021-02-11,47678.0
2021-02-12,47678.0
2021-02-15,48246.0
2021-02-16,49150.0
2021-02-17,52127.0
2021-02-18,51840.0
2021-02-19,55353.0
2021-02-22,54151.0
2021-02-23,48685.0
2021-02-24,48797.0
2021-02-25,48165.0
2021-02-26,46234.0
2021-03-01,49138.0
2021-03-02,47819.0
2021-03-03,50618.0
2021-03-04,48251.0
2021-03-05,49254.0
2021-03-08,51605.0
2021-03-09,54777.0
2021-03-10,56928.0
2021-03-11,57924.0
2021-03-12,56750.0
2021-03-15,56107.0
2021-03-16,56338.0
2021-03-17,58326.0
2021-03-18,57740.0
2021-03-19,58411.0
2021-03-22,54618.0
2021-03-23,54407.0
2021-03-24,52684.0
2021-03-25,51741.0
2021-03-26,54010.0
2021-03-29,57537.0
2021-03-30,58754.0
2021-03-31,58962.0
2021-04-01,58737.0
2021-04-05,58668.0
2021-04-06,57947.0
2021-04-07,56224.0
2021-04-08,57677.0
2021-04-09,58377.0
2021-04-12,60017.0
2021-04-13,63111.0
2021-04-14,62826.0
2021-04-15,63436.0
2021-04-16,61831.0
2021-04-19,56338.0
2021-04-20,57016.0
2021-04-21,54837.0
2021-04-22,51728.0
2021-04-23,50963.0
2021-04-26,53379.0
2021-04-27,55353.0
2021-04-28,54828.0
2021-04-29,53353.0
2021-04-30,57081.0
2021-05-03,57136.0
2021-05-04,54386.0
2021-05-05,56825.0
2021-05-06,56382.0
2021-05-07,57657.0
2021-05-10,55766.0
2021-05-11,56580.0
2021-05-12,54564.0
2021-05-13,49598.0
2021-05-14,50193.0
2021-05-17,43607.0
2021-05-18,42996.0
2021-05-19,38742.0
2021-05-20,40700.0
2021-05-21,36187.0
2021-05-24,38697.0
2021-05-25,38007.0
2021-05-26,39111.0
2021-05-27,39049.0
2021-05-28,35813.0
2021-05-31,36885.0
2021-06-01,36391.0
2021-06-02,37794.0
2021-06-03,38773.0
2021-06-04,36866.0
2021-06-07,34148.0
2021-06-08,33551.0
2021-06-09,36657.0
2021-06-10,36615.0
2021-06-11,37251.0
2021-06-14,40267.0
2021-06-15,39960.0
2021-06-16,38761.0
2021-06-17,37747.0
2021-06-18,35283.0
2021-06-21,31575.0
2021-06-22,32464.0
2021-06-23,33342.0
2021-06-24,34807.0
2021-06-25,32173.0
2021-06-28,34740.0
2021-06-29,36246.0
2021-06-30,34796.0
2021-07-01,33488.0
2021-07-02,33320.0
2021-07-05,34165.0
2021-07-06,33763.0
2021-07-07,34242.0
2021-07-08,32689.0
2021-07-09,33457.0
2021-07-12,32875.0
2021-07-13,32579.0
2021-07-14,32860.0
2021-07-15,31729.0
2021-07-16,31911.0
2021-07-19,30782.0
2021-07-20,29695.0
2021-07-21,31832.0
2021-07-22,32182.0
2021-07-23,32274.0
2021-07-26,37207.0
2021-07-27,38258.0
2021-07-28,40103.0
2021-07-29,39579.0
2021-07-30,39920.0
2021-08-02,39226.0
2021-08-03,38304.0
2021-08-04,39833.0
2021-08-05,40955.0
2021-08-06,42948.0
2021-08-09,45714.0
2021-08-10,45733.0
2021-08-11,46363.0
2021-08-12,44260.0
2021-08-13,46471.0
2021-08-16,46064.0
2021-08-17,44771.0
2021-08-18,44625.0
2021-08-19,46631.0
2021-08-20,48688.0
2021-08-23,49556.0
2021-08-24,48200.0
2021-08-25,49080.0
2021-08-26,47266.0
2021-08-27,48328.0
2021-08-30,48412.0
2021-08-31,46979.0
2021-09-01,48445.0
2021-09-02,49831.0
2021-09-03,50543.0
2021-09-06,52110.0
2021-09-07,46516.0
2021-09-08,46066.0
2021-09-09,46468.0
2021-09-10,45656.0
2021-09-13,45163.0
2021-09-14,46707.0
2021-09-15,48183.0
2021-09-16,47683.0
2021-09-17,47522.0
2021-09-20,43493.0
2021-09-21,41423.0
2021-09-22,43254.0
2021-09-23,44691.0
2021-09-24,42425.0
2021-09-27,43105.0
2021-09-28,41845.0
2021-09-29,41247.0
2021-09-30,43752.0
2021-10-01,48047.0
2021-10-04,48928.0
2021-10-05,51779.0
2021-10-06,55102.0
2021-10-07,54301.0
2021-10-08,54693.0
2021-10-11,57146.0
2021-10-12,55994.0
2021-10-13,57527.0
2021-10-14,57760.0
2021-10-15,61448.0
2021-10-18,61782.0
2021-10-19,64107.0
2021-10-20,65820.0
2021-10-21,62555.0
2021-10-22,60994.0
2021-10-25,62826.0
2021-10-26,60698.0
2021-10-27,58810.0
2021-10-28,60724.0
2021-10-29,62629.0
2021-11-01,61143.0
2021-11-02,62980.0
2021-11-03,62869.0
2021-11-04,61188.0
2021-11-05,60953.0
2021-11-08,66538.0
2021-11-09,67313.0
2021-11-10,65206.0
2021-11-11,65206.0
2021-11-12,64156.0
2021-11-15,63971.0
2021-11-16,60621.0
2021-11-17,60017.0
2021-11-18,56693.0
2021-11-19,57847.0
2021-11-22,56744.0
2021-11-23,57607.0
2021-11-24,57016.0
2021-11-25,58928.0
2021-11-26,54526.0
2021-11-29,58106.0
2021-11-30,57330.0
2021-12-01,57068.0
2021-12-02,56863.0
2021-12-03,53482.0
2021-12-06,50823.0
2021-12-07,50370.0
2021-12-08,50158.0
2021-12-09,47920.0
2021-12-10,48389.0
2021-12-13,46924.0
2021-12-14,48347.0
2021-12-15,48709.0
2021-12-16,47854.0
2021-12-17,46157.0
2021-12-20,46810.0
2021-12-21,49276.0
2021-12-22,48996.0
2021-12-23,50785.0
2021-12-24,51156.0
2021-12-27,50989.0
2021-12-28,47730.0
2021-12-29,47310.0
2021-12-30,47019.0
2021-12-31,45933.0
2022-01-03,46219.0
2022-01-04,46153.0
2022-01-05,43405.0
2022-01-06,43191.0
2022-01-07,41916.0
2022-01-10,41601.0
2022-01-11,42726.0
2022-01-12,43862.0
2022-01-13,42626.0
2022-01-14,43129.0
2022-01-17,42098.0
2022-01-18,42486.0
2022-01-19,42003.0
2022-01-20,41201.0
2022-01-21,38441.0
2022-01-24,36389.0
2022-01-25,36789.0
2022-01-26,36490.0
2022-01-27,36719.0
2022-01-28,37780.0
2022-01-31,38438.0
2022-02-01,38710.0
2022-02-02,37074.0
2022-02-03,36959.0
2022-02-04,40575.0
2022-02-07,44111.0
2022-02-08,44111.0
2022-02-09,44611.0
2022-02-10,43941.0
2022-02-11,42353.0
2022-02-14,42693.0
2022-02-15,44172.0
2022-02-16,44039.0
2022-02-17,40732.0
2022-02-18,40067.0
2022-02-21,37601.0
2022-02-22,37913.0
2022-02-23,37651.0
2022-02-24,37859.0
2022-02-25,39156.0
2022-02-28,43107.0
2022-03-01,44156.0
2022-03-02,44082.0
2022-03-03,42510.0
2022-03-04,39502.0
2022-03-07,38183.0
2022-03-08,38574.0
2022-03-09,41899.0
2022-03-10,39457.0
2022-03-11,38401.0
2022-03-14,39347.0
2022-03-15,39488.0
2022-03-16,40890.0
2022-03-17,41010.0
2022-03-18,41755.0
2022-03-21,41166.0
2022-03-22,42544.0
2022-03-23,42510.0
2022-03-24,43973.0
2022-03-25,44543.0
2022-03-28,47664.0
2022-03-29,47308.0
2022-03-30,47001.0
2022-03-31,45775.0
2022-04-01,46356.0
2022-04-04,46481.0
2022-04-05,45960.0
2022-04-06,43863.0
2022-04-07,43499.0
2022-04-08,42741.0
2022-04-11,39452.0
2022-04-12,39712.0
2022-04-13,41220.0
2022-04-14,39973.0
2022-04-18,40805.0
2022-04-19,41293.0
2022-04-20,41504.0
2022-04-21,40737.0
2022-04-22,39516.0
2022-04-25,40235.0
2022-04-26,38335.0
2022-04-27,39234.0
2022-04-28,39836.0
2022-04-29,38322.0
2022-05-02,38638.0
2022-05-03,37791.0
2022-05-04,39750.0
2022-05-05,36454.0
2022-05-06,36000.0
2022-05-09,30826.0
2022-05-10,30282.0
2022-05-11,28870.0
2022-05-12,28407.0
2022-05-13,30041.0
2022-05-16,30101.0
2022-05-17,30523.0
2022-05-18,29118.0
2022-05-19,30244.0
2022-05-20,29277.4
2022-05-23,29290.0
2022-05-24,29545.0
2022-05-25,29790.9
2022-05-26,29548.0
2022-05-27,28819.6
2022-05-30,31777.8
2022-05-31,31672.4
2022-06-01,29550.1
2022-06-02,30330.0
2022-06-03,29531.9
2022-06-06,31478.5
2022-06-07,31385.5
2022-06-08,30386.4
2022-06-09,30120.7
2022-06-10,28945.4
2022-06-13,23015.7
2022-06-14,21474.9
2022-06-15,22192.8
2022-06-16,20985.9
2022-06-17,20512.6
2022-06-20,20388.0
2022-06-21,20964.9
2022-06-22,19983.0
2022-06-23,20673.8
2022-06-24,21230.9
2022-06-27,20784.0
2022-06-28,20370.0
2022-06-29,20270.8
2022-06-30,18797.2
2022-07-01,19380.0
2022-07-04,19932.8
2022-07-05,20345.5
2022-07-06,20332.5
2022-07-07,21653.4
2022-07-08,21811.1
2022-07-11,20231.3
2022-07-12,19328.4
2022-07-13,19903.1
2022-07-14,20468.5
2022-07-15,21122.4
2022-07-18,21653.4
2022-07-19,23659.2
2022-07-20,23608.9
2022-07-21,23216.4
2022-07-22,22586.8
2022-07-25,22029.7
2022-07-26,20940.0
2022-07-27,22682.6
2022-07-28,23931.5
2022-07-29,23908.8
2022-08-01,23028.2
2022-08-02,23095.1
2022-08-03,23278.6
2022-08-04,22494.7
2022-08-05,22917.8
2022-08-08,23852.8
2022-08-09,23195.8
2022-08-10,23960.1
2022-08-11,24191.8
2022-08-12,24166.2
2022-08-15,24019.0
2022-08-16,23949.0
2022-08-17,23336.3
2022-08-18,23362.3
2022-08-19,21353.1
2022-08-22,21094.3
2022-08-23,21489.2
2022-08-24,21587.7
2022-08-25,21583.5
2022-08-26,20658.0
2022-08-29,20206.5
2022-08-30,19886.1
2022-08-31,20286.3
2022-09-01,20086.4
2022-09-02,19907.7
2022-09-05,19752.5
2022-09-06,18977.4
2022-09-07,19363.7
2022-09-08,19335.0
2022-09-09,21270.1
2022-09-12,22343.1
2022-09-13,20132.1
2022-09-14,20207.6
2022-09-15,19827.0
2022-09-16,19623.0
2022-09-19,19515.3
2022-09-20,18900.6
2022-09-21,18468.3
2022-09-22,19173.9
2022-09-23,18820.1
2022-09-26,19094.5
2022-09-27,18995.9
2022-09-28,19618.6
2022-09-29,19433.3
2022-09-30,19473.3
2022-10-03,19555.0
2022-10-04,20296.9
2022-10-05,20055.8
2022-10-06,19915.3
2022-10-07,19464.4
2022-10-10,19244.0
2022-10-11,19004.3
2022-10-12,19181.4
2022-10-13,19402.7
2022-10-14,19187.8
2022-10-17,19515.2
2022-10-18,19299.8
2022-10-19,19195.6
2022-10-20,19068.8
2022-10-21,19205.7
2022-10-24,19365.9
2022-10-25,20232.5
2022-10-26,20745.8
2022-10-27,20411.9
2022-10-28,20623.6
2022-10-31,20473.3
2022-11-01,20473.7
2022-11-02,20110.3
2022-11-03,20189.8
2022-11-04,21129.1
2022-11-07,20465.5
2022-11-08,18525.4
2022-11-09,16102.8
2022-11-10,17884.9
2022-11-11,16679.0
2022-11-14,16389.6
2022-11-15,16862.8
2022-11-16,16649.3
2022-11-17,16700.5
2022-11-18,16613.0
2022-11-21,15721.0
2022-11-22,16162.8
2022-11-23,16494.6
2022-11-24,16599.5
2022-11-25,16520.2
2022-11-28,16212.5
2022-11-29,16490.9
2022-11-30,17158.1
2022-12-01,16965.8
2022-12-02,17024.4
2022-12-05,16940.3
2022-12-06,16973.8
2022-12-07,16842.7
2022-12-08,17202.2
2022-12-09,17096.6
2022-12-12,17160.9
2022-12-13,17772.6
2022-12-14,17837.2
2022-12-15,17344.4
2022-12-16,16889.2
2022-12-19,16418.9
2022-12-20,16870.1
2022-12-21,16766.1
2022-12-22,16799.6
2022-12-23,16812.0
2022-12-27,16683.1
2022-12-28,16508.9
2022-12-29,16610.9
2022-12-30,16590.7
2023-01-02,16692.6
2023-01-03,16670.8
2023-01-04,16821.4
2023-01-05,16833.0
2023-01-06,16905.9
2023-01-09,17204.6
2023-01-10,17435.2
2023-01-11,17558.2
2023-01-12,18918.1
2023-01-13,19458.6
2023-01-16,21188.4
2023-01-17,21234.1
2023-01-18,20811.8
2023-01-19,21065.8
2023-01-20,22267.2
2023-01-23,22928.4
2023-01-24,22757.4
2023-01-25,22945.8
2023-01-26,23008.1
2023-01-27,23131.0
2023-01-30,22730.8
2023-01-31,23181.8
2023-02-01,23715.2
2023-02-02,23562.1
2023-02-03,23341.4
2023-02-06,22883.1
2023-02-07,23234.6
2023-02-08,22930.5
2023-02-09,21769.7
2023-02-10,21715.2
2023-02-13,21648.1
2023-02-14,22195.4
2023-02-15,24164.6
2023-02-16,24031.1
2023-02-17,24806.0
2023-02-20,24699.7
2023-02-21,24382.4
2023-02-22,24100.9
2023-02-23,23868.4
2023-02-24,23191.9
2023-02-27,23472.5
2023-02-28,23158.9
2023-03-01,23535.6
2023-03-02,23467.1
2023-03-03,22286.4
2023-03-06,22433.0
2023-03-07,22108.3
2023-03-08,21788.9
2023-03-09,20342.5
2023-03-10,19976.9
2023-03-13,24299.4
2023-03-14,24804.0
2023-03-15,24466.5
2023-03-16,25039.0
2023-03-17,26838.0
2023-03-20,28059.8
2023-03-21,28121.7
2023-03-22,27289.1
2023-03-23,28277.4
2023-03-24,27610.1
2023-03-27,27183.4
2023-03-28,27207.1
2023-03-29,28304.4
2023-03-30,28076.4
2023-03-31,28441.6
2023-04-03,27720.0
2023-04-04,28224.1
2023-04-05,28191.0
2023-04-06,27998.9
2023-04-10,29246.0
2023-04-11,30219.1
2023-04-12,29967.5
2023-04-13,30312.7
2023-04-14,30315.8
2023-04-17,29469.9
2023-04-18,30376.8
2023-04-19,29176.1
2023-04-20,28232.7
2023-04-21,27258.3
2023-04-24,27415.2
2023-04-25,28280.8
2023-04-26,28679.8
2023-04-27,29656.8
2023-04-28,29351.3
2023-05-01,27993.0
2023-05-02,28674.9
2023-05-03,28931.0
2023-05-04,28850.3
2023-05-05,29557.8
2023-05-08,27562.1
2023-05-09,27625.2
2023-05-10,27536.1
2023-05-11,27004.9
2023-05-12,26442.5
2023-05-15,27381.6
2023-05-16,27026.5
2023-05-17,27378.6
2023-05-18,26931.0
2023-05-19,26839.0
2023-05-22,26913.9
2023-05-23,27202.1
2023-05-24,26367.1
2023-05-25,26476.6
2023-05-26,26785.3
2023-05-29,27675.0
2023-05-30,27730.2
2023-05-31,27095.1
2023-06-01,26897.6
2023-06-02,27252.5
2023-06-05,25669.3
2023-06-06,27064.6
2023-06-07,26133.4
2023-06-08,26579.8
2023-06-09,26410.5
2023-06-12,25931.5
2023-06-13,25844.1
2023-06-14,25119.0
2023-06-15,25555.6
2023-06-16,26378.6
2023-06-19,26761.9
2023-06-20,28134.2
2023-06-21,29882.5
2023-06-22,30060.4
2023-06-23,30901.8
2023-06-26,30165.5
2023-06-27,30723.0
2023-06-28,30134.0
2023-06-29,30413.1
2023-06-30,30377.2
2023-07-03,31052.1
2023-07-04,30810.5
2023-07-05,30474.8
2023-07-06,30222.0
2023-07-07,30224.4
2023-07-10,30343.4
2023-07-11,30570.5
2023-07-12,30355.4
2023-07-13,31266.5
2023-07-14,30132.8
2023-07-17,30249.2
2023-07-18,29807.5
2023-07-19,29933.6
2023-07-20,29879.3
2023-07-21,29867.2
2023-07-24,29163.8
2023-07-25,29226.9
2023-07-26,29467.2
2023-07-27,29179.2
2023-07-28,29313.9
2023-07-31,29238.3
2023-08-01,29225.7
2023-08-02,29162.9
2023-08-03,29221.4
2023-08-04,28998.4
2023-08-07,29162.2
2023-08-08,29849.0
2023-08-09,29501.2
2023-08-10,29434.8
2023-08-11,29360.1
2023-08-14,29372.3
2023-08-15,29197.8
2023-08-16,28897.2
2023-08-17,26234.7
2023-08-18,26062.5
2023-08-21,26192.4
2023-08-22,25661.2
2023-08-23,26314.8
2023-08-24,26081.7
2023-08-25,25945.3
2023-08-28,25969.4
2023-08-29,27661.4
2023-08-30,27259.6
2023-08-31,26021.4
2023-09-01,25630.0
2023-09-04,25670.5
2023-09-05,25722.4
2023-09-06,25710.8
2023-09-07,26140.9
2023-09-08,25874.4
2023-09-11,25139.9
2023-09-12,26100.9
2023-09-13,26232.0
2023-09-14,26535.4
2023-09-15,26402.5
2023-09-18,26843.4
2023-09-19,27161.8
2023-09-20,27108.2
2023-09-21,26612.6
2023-09-22,26540.4
2023-09-25,26276.5
2023-09-26,26154.1
2023-09-27,26257.5
2023-09-28,27004.5
2023-09-29,26918.5
2023-10-02,27480.2
2023-10-03,27399.8
2023-10-04,27688.1
2023-10-05,27458.0
2023-10-06,27960.3
2023-10-09,27626.9
2023-10-10,27428.7
2023-10-11,26720.7
2023-10-12,26749.1
2023-10-13,26771.3
2023-10-16,28435.1
2023-10-17,28497.9
2023-10-18,28276.5
2023-10-19,28615.3
2023-10-20,29544.3
2023-10-23,31642.4
2023-10-24,34144.7
2023-10-25,34559.5
2023-10-26,34113.8
2023-10-27,33708.8
2023-10-30,34477.6
2023-10-31,34573.7
2023-11-01,35285.0
2023-11-02,34793.0
2023-11-03,34616.2
2023-11-06,35125.3
2023-11-07,35298.0
2023-11-08,35781.3
2023-11-09,36559.9
2023-11-10,37241.7
2023-11-13,36477.7
2023-11-14,35613.6
2023-11-15,37724.7
2023-11-16,36221.6
2023-11-17,36468.5
2023-11-20,37455.0
2023-11-21,36382.2
2023-11-22,37461.0
2023-11-23,37310.2
2023-11-24,37833.5
2023-11-27,37084.6
2023-11-28,37877.7
2023-11-29,37795.1
2023-11-30,37691.1
2023-12-01,38775.3
2023-12-04,41955.1
2023-12-05,44290.9
2023-12-06,43777.0
2023-12-07,43151.2
2023-12-08,44351.9
2023-12-11,41266.8
2023-12-12,41212.1
2023-12-13,42977.4
2023-12-14,43078.0
2023-12-15,42229.1
2023-12-18,42498.3
2023-12-19,42312.1
2023-12-20,43613.0
2023-12-21,43957.3
2023-12-22,43690.6
2023-12-26,42461.5
2023-12-27,43350.8
2023-12-28,42643.7
2023-12-29,42025.1
2024-01-02,44998.4
2024-01-03,42765.5
2024-01-04,44377.3
2024-01-05,43970.1
2024-01-08,47041.9
2024-01-09,46275.5
2024-01-10,46911.7
2024-01-11,46402.8
2024-01-12,43707.0
2024-01-15,42576.9
2024-01-16,43199.5
2024-01-17,42674.4
2024-01-18,41312.9
2024-01-19,41658.3
2024-01-22,39784.5
2024-01-23,39428.9
2024-01-24,39855.2
2024-01-25,39934.8
2024-01-26,41942.7
2024-01-29,43111.2
2024-01-30,43326.9
2024-01-31,42632.2
2024-02-01,42914.7
2024-02-02,42942.4
2024-02-05,42449.1
2024-02-06,43186.6
2024-02-07,44151.8
2024-02-08,45275.7
2024-02-09,47598.6
2024-02-12,50042.5
2024-02-13,49541.0
2024-02-14,51847.0
2024-02-15,51695.0
2024-02-16,51866.1
2024-02-19,51939.4
2024-02-20,52202.6
2024-02-21,51515.0
2024-02-22,51445.8
2024-02-23,51077.4
2024-02-26,54695.6
2024-02-27,56915.8
2024-02-28,61304.1
2024-02-29,61260.2
2024-03-01,62749.0
2024-03-04,67997.6
2024-03-05,63491.2
2024-03-06,65997.8
2024-03-07,67204.3
2024-03-08,69179.7
2024-03-11,72455.8
2024-03-12,71167.2
2024-03-13,72987.9
2024-03-14,71514.3
2024-03-15,67918.1
2024-03-18,67691.9
2024-03-19,62584.4
2024-03-20,67489.5
2024-03-21,65385.1
2024-03-22,63493.2
2024-03-25,70324.9
2024-03-26,70250.3
2024-03-27,69415.5
2024-03-28,70863.1
2024-04-01,69612.6
2024-04-02,65708.2
2024-04-03,65927.4
2024-04-04,67787.4
2024-04-05,67412.2
2024-04-08,71697.9
2024-04-09,69182.1
2024-04-10,70015.2
2024-04-11,70120.3
2024-04-12,66758.7
2024-04-15,63273.9
2024-04-16,64029.0
2024-04-17,61291.4
2024-04-18,63547.7
2024-04-19,64264.0
2024-04-22,66546.4
2024-04-23,66350.3
2024-04-24,64337.2
2024-04-25,64683.0
2024-04-26,63811.7
2024-04-29,63092.2
2024-04-30,60113.1
2024-05-01,57800.7
2024-05-02,59115.6
2024-05-03,62035.5
2024-05-06,63555.4
2024-05-07,63078.3
2024-05-08,61474.1
2024-05-09,62533.6
2024-05-10,60620.0
2024-05-13,62893.0
2024-05-14,61672.4
2024-05-15,65895.2
2024-05-16,65468.1
2024-05-17,66953.6
2024-05-20,69707.2
2024-05-21,69756.8
2024-05-22,69469.5
2024-05-23,67872.0
2024-05-24,69160.1
2024-05-27,69734.0
2024-05-28,68314.4
2024-05-29,67626.0
2024-05-30,68392.9
2024-05-31,67658.9
2024-06-03,69062.6
2024-06-04,70620.4
2024-06-05,71145.0
2024-06-06,70718.3
2024-06-07,69188.3
2024-06-10,69566.6
2024-06-11,67382.7
2024-06-12,68513.7
2024-06-13,66930.3
2024-06-14,65470.7
2024-06-17,66527.4
2024-06-18,65184.3
2024-06-19,64978.5
2024-06-20,65004.2
2024-06-21,64305.3
2024-06-24,60036.2
2024-06-25,61905.7
2024-06-26,61013.1
2024-06-27,61448.8
2024-06-28,60064.0
2024-07-01,63077.5
2024-07-02,61858.9
2024-07-03,60203.2
2024-07-04,58461.4
2024-07-05,56481.2
2024-07-08,56666.8
2024-07-09,57799.1
2024-07-10,57445.5
2024-07-11,57458.3
2024-07-12,57657.1
2024-07-15,63564.3
2024-07-16,64522.3
2024-07-17,64323.9
2024-07-18,63837.3
2024-07-19,66977.4
2024-07-22,67853.6
2024-07-23,65880.0
2024-07-24,65618.0
2024-07-25,65818.9
2024-07-26,67928.3
2024-07-29,67492.7
2024-07-30,66283.5
2024-07-31,64953.6
2024-08-01,64818.8
2024-08-02,62631.5
2024-08-05,54426.5
2024-08-06,56491.7
2024-08-07,55435.7
2024-08-08,61090.3
2024-08-09,60732.3
2024-08-12,58976.1
2024-08-13,61037.3
2024-08-14,58918.4
2024-08-15,57638.5
2024-08-16,59698.6
2024-08-19,58980.6
2024-08-20,59297.5
2024-08-21,61238.4
2024-08-22,60548.8
2024-08-23,63622.1
2024-08-26,63170.3
2024-08-27,60412.0
2024-08-28,59118.4
2024-08-29,59496.1
2024-08-30,58776.8
2024-09-02,59037.1
2024-09-03,58097.3
2024-09-04,58093.6
2024-09-05,56130.8
2024-09-06,53512.8
2024-09-09,57464.6
2024-09-10,57503.9
2024-09-11,57353.2
2024-09-12,57916.6
2024-09-13,59693.6
2024-09-16,57977.0
2024-09-17,60338.7
2024-09-18,60201.4
2024-09-19,62899.0
2024-09-20,62865.4
2024-09-23,63386.2
2024-09-24,64027.0
2024-09-25,63427.2
2024-09-26,65063.9
2024-09-27,65719.8
2024-09-30,63686.5
2024-10-01,61153.1
2024-10-02,60815.7
2024-10-03,60799.8
2024-10-04,62343.7
2024-10-07,63355.2
2024-10-08,62401.3
2024-10-09,60850.9
2024-10-10,60122.1
2024-10-11,63022.6
2024-10-14,65777.7
2024-10-15,66421.3
2024-10-16,67556.6
2024-10-17,67064.5
2024-10-18,68585.2
2024-10-21,67786.4
2024-10-22,67486.4
2024-10-23,66343.7
2024-10-24,68306.4
2024-10-25,66786.4
2024-10-28,69912.9
2024-10-29,72616.8
2024-10-30,72374.6
2024-10-31,70371.9
2024-11-01,69192.6
2024-11-04,67885.4
2024-11-05,69586.0
2024-11-06,75684.1
2024-11-07,75908.2
2024-11-08,76677.7
2024-11-11,88143.7
2024-11-12,88638.3
2024-11-13,89785.1
2024-11-14,87718.5
2024-11-15,91283.3
2024-11-18,91239.2
2024-11-19,91942.1
2024-11-20,94225.8
2024-11-21,98427.1
2024-11-22,99189.6
2024-11-25,94373.4
2024-11-26,91754.9
2024-11-27,96132.5
2024-11-28,95650.7
2024-11-29,97373.8
2024-12-02,95406.1
2024-12-03,96151.0
2024-12-04,98312.9
2024-12-05,96737.9
2024-12-06,101517.0
2024-12-09,96993.2
2024-12-10,96898.2
2024-12-11,101252.0
2024-12-12,100467.0
2024-12-13,101631.0
2024-12-16,105844.0
2024-12-17,105982.0
2024-12-18,101110.0
2024-12-19,98219.2
2024-12-20,96413.4
2024-12-23,95049.8
2024-12-24,98705.9
2024-12-26,95708.4
2024-12-27,94500.0
2024-12-30,92611.4
2024-12-31,93315.7
2025-01-02,96812.9
2025-01-03,98303.2
2025-01-06,102041.0
2025-01-07,97128.8
2025-01-08,95261.6
2025-01-09,92466.7
2025-01-10,94616.3
2025-01-13,94360.9
2025-01-14,96688.4
2025-01-15,99708.8
2025-01-16,99820.3
2025-01-17,104748.0
2025-01-20,103466.0
2025-01-21,106013.0
2025-01-22,103803.0
2025-01-23,103996.0
2025-01-24,105020.0
2025-01-27,101607.0
2025-01-28,101199.0
2025-01-29,103488.0
2025-01-30,105119.0
2025-01-31,101597.0
2025-02-01,102382.39409722164
2025-02-02,100674.78762544956
2025-02-03,101715.0
2025-02-04,97688.6
2025-02-05,96502.7
2025-02-06,96945.2
2025-02-07,95919.5
2025-02-08,96558.4563096667
2025-02-09,96558.23762501092
2025-02-10,97427.9
2025-02-11,95537.4
2025-02-12,97817.6
2025-02-13,96360.4
2025-02-14,97153.4
2025-02-15,97488.48148536457
2025-02-16,97569.95169430463
2025-02-17,95867.1
2025-02-18,95267.1
2025-02-19,96527.8
2025-02-20,98149.8
2025-02-21,95143.8
2025-02-22,96135.15541305284
2025-02-23,96564.15414290236
2025-02-24,92437.6
2025-02-25,88719.3
2025-02-26,84219.7
2025-02-27,84604.5
2025-02-28,84128.3
2025-03-01,84441.9012237131
2025-03-02,86005.25629681018
2025-03-03,86574.8
2025-03-04,87456.9
2025-03-05,90446.9
2025-03-06,90297.5
2025-03-07,87704.6
2025-03-08,86773.33597555371
2025-03-09,86142.9833586432
2025-03-10,79453.3
2025-03-11,83111.7
2025-03-12,83634.4
2025-03-13,81362.3
2025-03-14,84147.4
2025-03-15,83971.70916064628
2025-03-16,84391.69087647168
2025-03-17,84055.5
2025-03-18,82370.2
2025-03-19,86148.9
2025-03-20,84092.9
2025-03-21,84170.8
2025-03-22,84009.532917822
2025-03-23,83793.30854192551
2025-03-24,87437.0
2025-03-25,87492.8
2025-03-26,86834.1
2025-03-27,87355.3
2025-03-28,83761.9
2025-03-29,84359.46915506005
2025-03-30,82679.17255385047
2025-03-31,82519.1
2025-04-01,85176.6
2025-04-02,84792.4
2025-04-03,82688.3
2025-04-04,84016.6
2025-04-05,83852.00765399594
2025-04-06,83595.88550177493
2025-04-07,79192.8
2025-04-08,77016.6
2025-04-09,83277.8
2025-04-10,79672.3
2025-04-11,83869.3
2025-04-12,83439.28818043756
2025-04-13,85305.09728392666
2025-04-14,84721.3
2025-04-15,84211.9
2025-04-16,84510.8
2025-04-17,85070.1
2025-04-18,84930.90857600998
2025-04-19,84433.75017215389
2025-04-20,85126.66244301842
2025-04-21,87284.4
2025-04-22,93010.2
2025-04-23,93513.8
2025-04-24,93382.0
2025-04-25,95333.4
2025-04-26,94773.11200643536
2025-04-27,94644.06637120109
2025-04-28,94541.1
2025-04-29,94726.5
2025-04-30,94400.1
2025-05-01,96455.2
2025-05-02,96935.8
2025-05-03,96855.5681343944
2025-05-04,95922.86842404422
2025-05-05,94663.8
2025-05-06,94679.9
2025-05-07,97121.3
2025-05-08,102778.0
2025-05-09,103184.0
2025-05-10,102962.540456923
2025-05-11,104630.8792994166
2025-05-12,102482.0
2025-05-13,104342.0
2025-05-14,103616.0
2025-05-15,103288.0
2025-05-16,103924.0
2025-05-17,103556.03493982446
2025-05-18,103212.36483885496
2025-05-19,105474.0
2025-05-20,106619.0
2025-05-21,108456.0
2025-05-22,110868.0
2025-05-23,108696.0
2025-05-24,107216.66856870624
2025-05-25,107831.36374380375
2025-05-26,109324.0
2025-05-27,108871.0
2025-05-28,107542.0
2025-05-29,106421.0
2025-05-30,104584.0
2025-05-31,104010.91956242644
2025-06-01,104687.50742934884
2025-06-02,104952.0
2025-06-03,105455.0
2025-06-04,104983.0
2025-06-05,101619.0
2025-06-06,104303.0
2025-06-07,104409.74967959142
2025-06-08,105681.4546141758
2025-06-09,109947.0
2025-06-10,109918.0
2025-06-11,108551.0
2025-06-12,105971.0
2025-06-13,105248.0
2025-06-14,106045.56440819205
2025-06-15,105482.90611628916
2025-06-16,108567.0
2025-06-17,104579.0
2025-06-18,105106.0
2025-06-19,104395.0
2025-06-20,103437.0
2025-06-21,103290.105144757
2025-06-22,101532.5683847329
2025-06-23,103788.0
2025-06-24,106105.0
2025-06-25,107677.0
2025-06-26,107106.0
2025-06-27,106883.0
2025-06-28,107078.91560644074
2025-06-29,107331.58548463575
2025-06-30,107173.0
2025-07-01,105808.0
2025-07-02,109496.0
2025-07-03,109864.0
2025-07-04,107484.0
2025-07-05,108040.8919400104
2025-07-06,108217.46849992426
2025-07-07,108221.0
2025-07-08,108900.0
2025-07-09,110857.0
2025-07-10,116482.0
2025-07-11,118028.0
2025-07-12,117571.02510036016
2025-07-13,117418.95745007684
2025-07-14,120035.0
2025-07-15,117548.0
2025-07-16,119345.0
2025-07-17,120334.0
2025-07-18,117437.0
2025-07-19,117988.94664455787
2025-07-20,117901.62655900871
2025-07-21,117274.0
2025-07-22,119435.0
2025-07-23,118120.0
2025-07-24,118598.0
2025-07-25,116758.0
2025-07-26,117540.8083708574
2025-07-27,117959.54234360624
2025-07-28,118118.0
2025-07-29,117598.0
2025-07-30,117315.0
2025-07-31,116545.0
2025-08-01,113290.0
2025-08-02,113234.6051343189
2025-08-03,112554.90232221724
2025-08-04,115105.0
2025-08-05,113606.0
2025-08-06,115083.0
2025-08-07,117152.0
2025-08-08,116483.0
2025-08-09,116688.36663186055
2025-08-10,116510.08393213755
2025-08-11,118724.0
2025-08-12,119903.0
2025-08-13,122579.0
2025-08-14,117979.0
2025-08-15,116974.0
2025-08-16,117339.79190213275
2025-08-17,117501.21653394958
2025-08-18,116719.0
2025-08-19,113430.0
2025-08-20,114390.0
2025-08-21,112619.0
2025-08-22,116617.0
2025-08-23,116834.24948202296
2025-08-24,115359.98346714744
2025-08-25,109899.0
2025-08-26,111607.0
2025-08-27,111549.0
2025-08-28,112047.0
2025-08-29,108198.0
2025-08-30,108480.30666639366
2025-08-31,108781.95727925688
2025-09-01,107811.0
2025-09-02,111198.0
2025-09-03,112034.0
2025-09-04,110522.0
2025-09-05,111683.0
2025-09-06,110662.18112628513
2025-09-07,110209.1888247784
2025-09-08,112348.0
2025-09-09,111322.0
2025-09-10,113879.0
2025-09-11,114539.0
2025-09-12,116612.0
2025-09-13,116160.14344594492
2025-09-14,115970.58488443034
2025-09-15,115562.0
2025-09-16,116847.0
2025-09-17,116096.0
2025-09-18,117357.0
2025-09-19,115210.0
2025-09-20,115655.81046441344
2025-09-21,115715.51536781774
2025-09-22,113049.0
2025-09-23,112217.0
2025-09-24,113407.0
2025-09-25,109467.0
2025-09-26,109223.0
2025-09-27,109710.20874667744
2025-09-28,109654.81021075726
2025-09-29,114268.0
2025-09-30,114232.0
2025-10-01,117637.0
2025-10-02,120246.0
2025-10-03,122679.0
2025-10-04,122250.15186842805
2025-10-05,122380.93708463266
2025-10-06,125173.0
2025-10-07,122101.0
2025-10-08,123322.0
2025-10-09,121534.0
2025-10-10,116781.0
2025-10-11,113201.74064138904
2025-10-12,110853.11663883904
2025-10-13,115804.0
2025-10-14,113196.0
2025-10-15,110886.0
2025-10-16,108487.0
2025-10-17,106480.0
2025-10-18,106443.61194984637
2025-10-19,107156.00337647724
2025-10-20,110607.0
2025-10-21,110931.0
2025-10-22,107231.0
2025-10-23,109586.0
2025-10-24,110541.0
2025-10-25,110997.80437129698
2025-10-26,111620.3093731354
2025-10-27,114111.0
2025-10-28,113246.0
2025-10-29,111050.0
2025-10-30,107901.0
2025-10-31,109497.0
2025-11-01,109573.90555629117
2025-11-02,110014.13556776088
2025-11-03,106479.0
2025-11-04,101240.0
2025-11-05,103758.0
2025-11-06,101432.0
2025-11-07,103531.0
2025-11-08,103396.084215925
2025-11-09,102290.13714655169
2025-11-10,106002.0
2025-11-11,102989.0
2025-11-12,101975.0
2025-11-13,99812.3
2025-11-14,94332.5
2025-11-15,94456.39368235336
2025-11-16,95508.31019889197
2025-11-17,92161.6
2025-11-18,93132.4
2025-11-19,90399.5
2025-11-20,87970.8
2025-11-21,84522.9
2025-11-22,85051.8019295002
2025-11-23,84682.62429147748
2025-11-24,88651.6
2025-11-25,87604.7
2025-11-26,90404.4
2025-11-27,91362.5
2025-11-28,91239.2
2025-11-29,90950.37695910994
2025-11-30,90841.45258193676
2025-12-01,86590.5
2025-12-02,92025.9
2025-12-03,93809.5
2025-12-04,92386.4
2025-12-05,89391.8
2025-12-06,89307.09154512963
2025-12-07,89244.7620814118
2025-12-08,90876.8
2025-12-09,92913.4
2025-12-10,92532.6
2025-12-11,92423.1
2025-12-12,90240.4
2025-12-13,90307.26028567804
2025-12-14,90257.4292885891
2025-12-15,86268.6
2025-12-16,87783.9
2025-12-17,86322.2
2025-12-18,85557.8
2025-12-19,87953.8
2025-12-20,88103.86075721023
2025-12-21,88347.94310567998
2025-12-22,88654.0
2025-12-23,87373.6
2025-12-24,87984.0
2025-12-25,87597.1
2025-12-26,87627.8
2025-12-27,87305.95655961394
2025-12-28,87807.003210775
2025-12-29,87290.5
2025-12-30,88368.8
2025-12-31,87623.2
2026-01-01,87520.18048742875
2026-01-02,89748.0
2026-01-03,89926.27924953419
2026-01-04,90593.85443180415
2026-01-05,94181.4
2026-01-06,93341.0
2026-01-07,91126.9
2026-01-08,91092.9
2026-01-09,90229.0
2026-01-10,90504.8956034002
2026-01-11,90442.01907847
2026-01-12,91211.7
2026-01-13,95650.7
2026-01-14,96878.5
2026-01-15,95561.1
2026-01-16,95396.1
2026-01-17,95516.07771987125
2026-01-18,95099.53192554633
2026-01-19,92529.1
2026-01-20,88429.8
2026-01-21,89759.3
2026-01-22,89316.0
2026-01-23,89453.4
2026-01-24,89412.39849953113
2026-01-25,89170.87364531498
2026-01-26,88083.2
2026-01-27,89172.6
2026-01-28,89298.4
2026-01-29,84468.7
2026-01-30,83842.6
2026-01-31,78248.12412176025
2026-02-01,78175.42884771603
2026-02-02,77278.5
